-0.9633819779987439	-1.4358307262096677	-4.490470084267457
-0.8108293562930213	-1.3149964678717587	-4.725802284433706
3.1420187688078984	-2.902290411588548	-5.6304320591634305
1.8502345970521104	-6.6415630653144895	3.382226664324709
-2.9674552976346296	-0.3627413131202299	-0.42541890272128263
-2.970612400049377	-0.37164757456338743	-0.43686781868552316
2.2754687632455752	-7.564920010884069	-2.347682686721956
-3.0578969943222254	-0.3432497382558652	-0.5144728188761634
-3.0422040734210114	-0.3306065215176152	-0.5005919624580104
-3.0398255895292734	-0.32985024362526694	-0.4923523223426557
-0.8147666872696636	-1.3158918221624685	-4.712620141203226
-0.6082109875916211	-0.30272929888531885	-7.347928780259521
-0.8834674750216626	-0.3541411878976893	-7.340795834300399
-1.014675787143314	-0.3030655833133582	-7.3707641023688835
3.1383256748202832	-5.074447918804083	-2.5191006877433213
3.5847725818451623	-4.776974796934813	-2.507584165838844
-1.75837791730027	-7.796927963386773	-0.047835747485551826
-0.34666932439488923	-0.9516867543081018	-5.432566287832229
-2.293600829128461	-7.585830905292547	-0.142545838546631
2.2151488541365074	-6.638611617246128	3.4866567614482866
-5.056797784299375	4.643385040838878	1.0021473993924737
3.264184071669498	-3.029238570485242	-5.573929051290431
-5.574042256147759	4.883711229186598	1.2661386339898377
2.529462586038205	-5.22753003127604	-1.7237983674846802
2.037853531383929	-5.176333024452597	-1.490277893081276
0.06639476465015803	-0.9394703022484093	-5.555607011135867
0.6521023814234023	-5.469935169591284	-1.4537217164526568
2.1487459853298834	-5.138135951556889	-1.4736875304979018
0.09031557617829207	-0.8906236104229099	-5.547873902710606
0.6063883176347188	-2.1218989682417564	-0.4176596955704937
2.2715443543809313	-7.562455051183158	-2.3454387144187034
-1.8135292812776154	-7.770499915077047	-0.058385617436990375
-3.1688890266856165	-0.4151883359424336	-0.5831598285233424
-0.21592110790472693	-0.2796753893986373	-5.4727099770128325
3.1049484678271098	-5.209248820938215	-1.8193107851018846
3.120481243162028	-5.185100580689899	-1.8199393224574603
3.2967071605309375	-2.78043314304385	-5.385297887455409
3.3564892653624194	-2.7240233459809007	-5.300175472107183
2.364164080572911	-6.553681197368362	3.468210524755569
-0.24681705705690807	-1.02664809093413	-5.49884857137685
-1.9439058325709275	-7.750071320157925	-0.06652010843892264
-2.0797226355788867	-7.6925720419207995	-0.09175500905304887
-3.0312340905865667	-0.31884544017053584	-0.47828927828736545
-5.085708417356777	1.7772645542637833	-4.356343937074774
0.6131143325858027	-2.201344910733565	-0.34451701087809095
-5.100120295181974	1.75253467884896	-4.359379769826566
2.431780907654484	-2.694223324702666	-6.121307687014422
0.6185180288215109	-2.200557776510639	-0.36350669534961894
3.089249679596808	-5.20572319707578	-1.7950368827664358
3.4119462480720073	-5.046449315479704	-2.478845989623846
-4.190061880256377	0.5835659195623955	-4.113966452287332
2.0351617808675786	-7.435190361238113	-2.478476397372931
3.0707485527389333	-4.394724949505333	-2.0663952731377013
-0.8895203770215219	-0.3701640828829712	-7.337136486467355
2.2864290287760163	-7.558250116199533	-2.345261227495109
-3.6635236756297007	-0.8011457793094136	-1.1591693634584432
1.8952660753800157	-5.321915413746435	-1.587531731823945
-4.278141837653008	6.1937645395541585	-1.6036626355930916
2.277910063961818	-7.5506517486395754	-2.3354924063734015
3.0732019810651767	-5.212741478229959	-1.772308239095354
-4.182243143213309	0.5815817066831723	-4.149426183485001
-4.889485577140184	1.77724170636053	-4.376027736768634
-4.296713404660248	6.221400041134901	-1.6265838976174216
-4.2317493472065015	5.572487405716987	-1.5206612961744796
-6.064524973428054	4.74190821914169	1.9828525937007593
1.6441176201907302	-2.579141782458356	-5.7359202411834005
1.8709346169123109	-7.33483954644609	-2.568540775858731
-7.247099617019265	-1.6269282567388093	-2.361514636244907
0.5778396030863545	-5.469590248073956	-1.3406012716279727
3.1247311523436667	-5.197824840380559	-1.8378235201753599
3.1410033773730652	-5.1824460444912805	-1.8589469212605805
3.2672216919527153	-5.127628394146964	-2.7387010032489134
-5.746970050424565	4.940884288024739	1.4157822980907224
-0.35656382241608875	-1.124671267951518	-5.585762328922048
2.2031299380589795	-7.518042572519731	-2.397067782796875
-7.22443731986094	-1.366057042987844	-2.474548790953945
0.5347604016069378	-1.7653484052848119	-0.3946513874168589
1.9411955171348534	-7.39513992816634	-2.5348416311908952
-2.119850399610125	-7.677578927725155	-0.0985386108181113
3.587081305094868	-4.794706348916932	-2.5474842275736322
3.0849203503371627	-5.185021610684714	-1.7836837146134839
-0.5978828526686908	-1.5013815291242656	-5.681578255487807
3.226798138716425	-2.9526110558705723	-5.767714952491
-7.2654729621671175	-1.4516982288252918	-2.3368787527901427
3.169451383928317	-2.8508394774851014	-5.55496381298722
-3.2136707792628267	-0.6183938987143908	-0.9949619028245354
0.6598222109126968	-5.483720240083874	-1.430069055323986
-4.204816118841342	0.6156386212517121	-4.136983864950225
-7.206402475979323	-1.3344311249987615	-2.4834230806468125
2.2598519394887346	-7.556476534242081	-2.355017409577408
0.05010706452595349	-0.919610776710706	-5.551925053647166
-5.702848681692243	4.952073382158663	1.353043094563708
-1.715382664584278	-7.812001034906478	-0.042420700781528584
2.828508820851668	-5.006421084198282	-1.6222425781312508
3.085401095456181	-5.226732448545431	-1.8092010462238142
2.03966471847391	-7.435673276346951	-2.4768876830822384
3.17928252789577	-5.105280069912959	-2.6658020034856995
0.7744424621355821	-5.411520648730155	-1.347611819090426
3.156527435779109	-2.894187471635951	-5.669280914204381
3.1796500531036127	-2.900348612323788	-5.779501628145822
-4.841001962211009	5.6010922098222276	-2.817069072225318
2.9293822750302976	-5.197379419696392	-2.1784731142795373
-6.055093740055446	4.776542429814271	1.9622435210437474
-0.9498125590826489	-0.1791998852324381	-7.345722028237093
6.605753330263422	1.45639794650382	3.815439577620842
-0.6836806177965662	-0.34623103653802495	-7.323720208442088
-4.24958347096317	0.6741081562066209	-4.122499594293937
1.0837436031153262	-5.91112735131517	-1.8142718339452912
2.2685840721039425	-7.565258993023219	-2.3501489246304295
1.9019749983742897	-7.374450917081352	-2.558226697049748
3.2632753872627616	-3.0160150424310923	-5.607909890614935
2.2676422914451098	-7.552044370229599	-2.3471759545759423
2.2527000912554644	-7.538106595079773	-2.3414901915702604
-0.8552061050394452	-0.29524066316701353	-7.3453009770877165
-3.1105405027860904	-0.4125481849054343	-0.6141215246317386
-3.1787416166257483	-0.5240981224372349	-0.8072934256952786
6.617460340840267	1.2779964827640893	1.6069920355973417
6.773509052072604	1.4627851983675002	2.636466460464555
6.8332280571157185	1.4674803682620419	2.638406399580201
3.0130374320937934	-5.014546857988537	-1.6444843065054375
6.495864728615742	1.3692670866919978	3.306535578107922
6.524982444136316	1.2057334447269046	1.5954424678425658
3.174310675177839	-5.041595866019906	-1.9300153239092
6.907490695646446	1.5254157932994705	2.746945732587131
2.0019851374499864	-2.631581577709529	-6.042452499776992
0.529680182906526	-1.7386785366616653	-0.5210874206330494
6.604900516422791	1.463336951972549	3.8729497136502404
2.2566543528445555	-2.585043071646348	-6.226540829111468
2.6391113665622425	-2.8857723027328857	-5.53353473437611
2.7902560909302085	-2.813718140093876	-5.883341809317504
-6.079685583592624	4.7666200596363675	2.0151427578330674
2.1960975030936587	-6.647505732740196	3.469985282458432
2.203556068048739	-7.520964038278255	-2.395805800126334
2.2080465545048327	-7.519240166556358	-2.3996131474812543
3.1063390744131962	-5.21726122678914	-1.8258339199289935
2.962074323597927	-4.414796336389783	-2.120608471950073
2.971863324148934	-2.8445088814313104	-5.9326769340658405
3.1855555663156148	-5.153941264956928	-2.289254424279444
2.032510151978862	-2.6284882583440234	-5.809042990526667
-5.054518282398738	4.644538549968592	1.0042944936229488
0.6454873475874199	-5.6892423379687385	-1.754815355311524
3.094406955480904	-5.211908459951198	-1.8017864879824534
3.0803978214279253	-5.21337777198234	-1.7972710134562173
2.263867328893639	-7.557462566547324	-2.34994557494204
-2.950250304511481	-0.36832117990391416	-0.41479573928170455
2.223334141740087	-7.528722696448383	-2.3828550004868085
2.1861665526558878	-7.502025834165674	-2.4104910287026735
1.148398221438645	-5.803035554470973	-1.7218076527706947
3.209767609489829	-5.0761653232650845	-2.054073649736909
2.6529516915334086	-5.2318281614758515	-1.882799013535327
-0.7571175436328886	-2.2642054755260106	-7.531251269226793
3.1532237511170953	-5.208437657450305	-1.8240959234804348
-5.629798831373661	4.913294398274814	1.3000972931696002
-0.5435652438200351	-0.8889342482897826	-5.405442860165349
-5.056204134150781	4.6408707251401315	1.0073908378260972
-5.10298100850282	1.7605426575346097	-4.353566086071142
2.261646803870456	-7.560256844343978	-2.350228903142943
2.2392335076636565	-7.549943081840043	-2.360818117084444
-2.0957162381098193	-7.659923541570414	-0.09718496248875524
-2.093272621213021	-7.675494446656519	-0.09541155651199563
2.2514582831677608	-7.550408363163011	-2.3589198954091843
-1.7334172259328724	-7.791259895127453	-0.05128311164112864
1.8621826968668922	-7.322492339410852	-2.569761770637917
-0.762824566694412	-3.052438362511987	-0.03487499174046371
2.194805455008449	-6.644569959900736	3.480479103681456
-0.5417944080518943	-1.1994888948527875	-4.062747242299668
2.29159942053075	-6.627248135929281	3.502886052103081
3.1988463654182198	-2.924761845132291	-5.825340119580751
6.6786618616267885	1.4313412928420406	2.946819405986895
2.1618548670867352	-2.5960406027888197	-6.493040802834234
6.606510795241849	1.467609722119318	3.8908045947428587
0.6797825188634766	-5.436574525754953	-1.4124863935045686
-0.22394948736675815	-0.3188592870071099	-5.45035278657604
0.011465588529023237	-0.8158953790080371	-5.506661055649904
0.8910308764976135	-5.586104967328977	-1.6263659875290275
3.0676982145650347	-5.2300426012905525	-1.7650590106390887
-3.059723385771251	-0.3449558583501345	-0.5245969328630469
-4.245760296950715	0.6881433595372635	-4.128323446924083
0.6707655115812272	-5.471865821567912	-1.4232834046728948
3.1192327216255666	-5.087146857906604	-2.503115844165751
-4.502281623587524	1.1211374463826862	-4.224879583022927
-1.8251431907275502	-7.769185077571126	-0.059634231862003576
3.0188903540068446	-4.369691225599216	-2.040324399769704
-4.630818307383058	5.626207175058879	-2.7121528674396322
-0.693361961739709	-1.1878970502873565	-3.845778428006537
-6.075974319445255	4.7665317770089315	2.017973875131158
-6.076389268863001	4.782285496215708	2.0081766658544216
0.5919720892024529	-5.655562482127947	-1.7344626382652495
-0.14431973243444282	-1.0574469245699962	-5.58053747929628
0.5820335635292839	-2.0795492413581256	-0.4466135705050123
0.5850875083645193	-2.0730557493143364	-0.4551383218580044
2.262215354254254	-7.559120689027562	-2.354416910802595
-2.9334790826855826	-0.363156222012389	-0.39941544218096625
-2.0240860206105618	-7.690332456104407	-0.08682034656751854
3.0024246629461757	-2.843904952345437	-5.958001870312421
-3.0176079286060307	-0.3151231116518193	-0.45800524610254173
-4.743025125615372	5.563468511199243	-2.7083363936411065
-4.7141888017194855	5.209928789261084	-2.7487085084194125
0.789039227500588	-5.653753632151412	-1.8343929096622966
6.966330059445093	1.5441944194416553	2.806703562865879
-7.326516380761461	-1.4442960319202662	-2.196990616046216
-0.7857169532691344	-2.2594305070916136	-7.536995854049999
2.24395763697327	-6.63533417872656	3.49334711136479
2.2857671779051767	-6.631872166762232	3.491713946297192
2.290365735064052	-6.631566755004031	3.509380176439216
2.273616175158224	-6.633009920312928	3.4972130360409905
2.2822309332748074	-7.560794150946397	-2.3444077187908468
-6.01617751672385	4.82494079576278	1.9293751699840833
-1.0321594604256081	-1.5170245005135405	-4.288530151136794
3.005950819114555	-5.002505407484363	-1.6036306471524557
2.2393694995936597	-7.551176229063302	-2.365483398634261
-0.6420014142063726	-3.0235067164527014	-0.004001493596381893
-0.5885393103246523	-3.0221728099768423	-0.022898862940404746
-0.8668451702000989	-1.330877698008898	-4.722862658911678
-0.5373647095543647	-2.98621591061197	0.019487508389078475
0.6166660481668813	-2.147415103656065	-0.36954769549520333
-2.0299403917018752	-7.686553399147398	-0.08954718022119255
0.6607043479795925	-5.467993214273691	-1.402783050736777
-0.9478885000353612	-1.4145633802128947	-4.5589161570995955
2.2744741983993615	-7.561946348942172	-2.3472212323685793
2.1128545500537776	-6.642898357118757	3.4522856700775706
1.563929497638561	-6.989355175972595	-1.1687122331220385
2.1093697168341543	-2.539843812847841	-6.504903748420876
2.296445457239751	-6.630213796262666	3.5085373830168076
-4.608103656456847	1.892203686736998	-4.374997663973138
-4.787257589348702	1.5675345803561327	-4.337557109230871
2.132447759414522	-6.652338918079375	3.4648310099565665
3.147479485355607	-2.8795853103443014	-5.653077100508959
-0.47311414656007933	-0.9632067434093404	-5.488582743862228
2.4407342289310563	-2.9147026741687116	-4.741153194764966
2.574686746827733	-2.952411892338444	-4.916717196602202
-5.690852310612291	4.946657015961864	1.3433000070530683
-6.083164247525005	4.733007661897374	2.0241672561406188
2.9916488760502276	-2.8321010582196173	-6.000191190438343
1.2847830814903551	-5.219967480069418	-1.1930632941709194
-2.256415143617096	-7.381815308356041	-0.3239794751766254
-4.738133534014076	5.832711467649127	-2.628654733883581
-2.230757989370866	-7.508481798104106	-0.21312383934060314
2.226815999302874	-6.638197296190659	3.490825720730445
-0.6156030172110363	-3.01019250851567	-0.0177915896520611
-5.576067778656828	4.904133888159093	1.2545672897991131
1.9897579622275936	-2.6395142396328337	-5.988785291162705
2.1157239015969336	-2.5413911480880973	-6.525225312203205
3.146098938046916	-2.9123738478756604	-5.794319637224928
2.105048541942407	-2.5390002453555067	-6.539961219453226
3.448308093824604	-5.002662672060666	-2.846969345304874
-0.7848806162406876	-0.34599608475368004	-7.331742222777795
2.114975668733666	-2.5380140504320456	-6.546936012021176
-3.2124650297379143	-0.6652555711776269	-1.0207169203064876
-0.2657783236047397	-1.011542833063038	-5.475272943079333
3.1944559936941603	-2.8694030245825743	-6.009454591570464
-6.0957304477077	4.742318506660837	2.1192470743219767
-6.044286034852143	4.745814309299517	2.006489317375929
2.163431818857097	-6.644902533897705	3.4751464684496196
2.1340060985313674	-6.635471173708162	3.465300556652291
2.177345503858785	-6.648870823516944	3.4789909727156467
2.263832528509811	-7.558448104793709	-2.34529229113434
-2.004212841650404	-7.7106150148645956	-0.07728010065270141
-4.712711607166625	5.691091764429714	-2.694224708552844
-0.8225989757371054	-0.2849661736046342	-7.353809124305649
-6.085937945646395	4.749735958486158	2.0331965928670246
-0.49507939522522676	-0.8879684593301188	-5.423217700492052
-0.3584637791673516	-1.135534262005506	-5.580946940621764
0.9436454184389723	-5.821277250134948	-1.7862128206599783
-5.893499607390036	4.882215824845976	1.6741820940190228
-1.801920970213466	-7.785151480510077	-0.052324265493472
2.1692344998423234	-6.6494880164579175	3.478387783405897
-5.704565251788697	4.949834832677129	1.3532454005852341
-1.8047785506403387	-7.78083865269056	-0.05302873229558993
-4.954131955642352	4.6347041491557235	0.9020709365231546
-1.2098146276639101	-7.947844329189502	-0.0024728879556223434
-5.7243781567240175	4.961316938656914	1.3723325559443647
-0.24612384420614972	-1.0516006365316364	-5.49937736572994
2.8946635532708447	-4.3597956300479135	-2.147884765914952
6.64902103430419	1.4532510396708544	3.4631679468371477
-0.803745393202599	-1.5290083632654705	-5.735328031768805
2.8898679530612688	-4.373529934932633	-2.135086490412661
6.713367824694549	1.442358728429943	2.454932104668123
-3.2622562898371843	-0.600481873554934	-0.9634278579581053
2.2962005237484386	-6.628397160662133	3.5109863082998483
-6.0666447704084385	4.768929824144812	1.9804615743735274
-2.178450294455133	-7.638027005330778	-0.11396938050541505
-2.188083021949884	-7.6455369846167915	-0.10486242199056636
-6.115862719383792	4.742547433036667	2.1395142794576762
0.6561514361462955	-5.4814514767649705	-1.4221218391615942
1.9431595377903044	-7.370318331245616	-2.5263824200723546
0.6694681714869364	-5.46470515547512	-1.4347834185302801
-4.945139948813311	4.640475657236288	0.8721750101142116
-5.801891406815942	4.512442335121711	1.693764227855218
-2.127607575549569	-7.653047691844767	-0.10415501917235909
-1.7875158969889686	-7.780177077543151	-0.05463526889055289
2.2247934485452245	-6.639048753098442	3.4891833593413284
-1.065078827099073	-7.984131884841051	0.008930422817296073
-4.371965863241382	5.480533640113567	-1.886787184292845
1.8949824702309797	-7.353697791563035	-2.5619707193250196
0.6182430629362605	-5.4596479602440695	-1.4215792642750715
3.0253683183670197	-5.166956315080815	-1.7011479981066182
2.1981006758641395	-6.641498675816179	3.4832661656471813
-2.096811370683045	-7.679470251739393	-0.08732042090753893
-4.683853471428379	5.461318040833795	-2.7735669751016783
3.0794324865627494	-2.926017623907501	-5.647483633595184
0.6058849252518346	-2.1744483059366786	-0.36575791284125647
2.2693707735252078	-6.636654365901394	3.500588821745442
-0.2455648798954012	-1.0201314661482204	-5.488338187568492
2.0516323312512488	-2.5221011011459447	-5.8654155904680865
-0.8107882500285469	-1.5810868641750462	-5.786484127985072
2.149443574407696	-6.644380557315805	3.4707026751737957
-6.034122358163967	4.752565120591751	2.0384001870449993
0.6605545815334203	-5.444823075276242	-1.4267118293857834
-6.0817562341490214	4.791520987175028	2.0172441464092272
-3.1735393846849873	-0.4139824646500244	-0.6047300495688094
3.2186282164567337	-2.9101549944111285	-5.934975890657475
3.077103787595652	-5.226857977561404	-1.8136658115848854
-3.2181242036095457	-0.6352371625205826	-0.9819237892244189
-0.8584727104089068	-1.3656144620285289	-4.658969000721914
3.1584411746945342	-2.8651251305799574	-6.0327971798150655
2.255193020665857	-7.559878768929486	-2.353894550095207
2.1760893282311566	-2.302459714240442	-6.088895283705232
2.2750134221870577	-2.577399229039018	-6.231872708946401
-5.080878755940833	1.7544181341817444	-4.356959545078801
3.0763598162896724	-2.895942743505566	-5.7026542657429875
6.605110217743855	1.4599355752837035	3.838795374545371
3.038149470725078	-2.925592541466368	-5.570090569981492
6.642435183963084	1.4435347791191098	3.5151569096937183
2.834295148018098	-2.8287529318609885	-5.489618031406322
2.8351444309468987	-2.8200109209775674	-5.504655947787867
6.593904554267748	1.2615135620477038	1.7397375571528486
6.517667088907105	1.163655775484006	1.292523042777459
2.315849364995178	-6.623522342157525	3.5168834702867096
-4.438286994434719	0.9747316295676821	-4.180071598341363
6.671918176443852	1.4271342010388814	2.8056823795108206
6.586281208992739	1.2741544139827998	1.5058047666461174
2.360035129649562	0.48365671613356653	0.5414841265835284
6.835802195434919	1.504463728198282	2.772728573616305
6.857924885014618	1.5139618424877388	2.7518901338056825
3.0251794763606545	-5.0817198080234105	-1.6536264220350914
6.899982234104966	1.5413480104195612	2.8645418338506947
6.893341763648358	1.508512081988323	2.628578891543456
-3.5005557408009307	5.943189271007938	-0.42793608624381946
-4.249590529382375	0.689043910107122	-4.139672366298439
-1.085804361197854	-7.965266702224678	0.0176584365471609
-1.496742720888022	-7.868540010615063	-0.018369853961228796
-4.623275817197231	1.3581396226854892	-4.2861148931110735
1.9818740692282248	-2.624836855014736	-6.028876300581519
0.6230384937195094	-5.47446337640339	-1.4006638856568854
-3.112366708235352	-0.4127598949703125	-0.6131212045952372
2.1903049732214197	-7.519555605549172	-2.4042511030503473
6.498233170213706	1.1433828703896112	1.3184214806231473
2.262019964020988	-2.572661138731481	-6.227778384563331
0.6329216174624253	-5.496217782979357	-1.885850895097175
0.6343725212233008	-5.465289442284829	-1.4018241306345063
-0.5774700027421047	-0.3042473652721706	-7.341353319668664
3.2320782098753638	-4.905498178237256	-1.6710679951902343
-1.5200763907681814	-7.874516079786126	-0.018770788004972987
3.060497423595313	-5.206604143569209	-1.7890679636574
6.6049684806155025	1.4630585215002974	3.8842386090011334
2.17670830993843	-6.645352038215057	3.474840069180138
-3.112496573343699	-0.4112339567244769	-0.6123577083927799
-3.1068072407339846	-0.4109833610778586	-0.6044533475950741
-0.8191470076392263	-1.274877398752765	-4.687562034122842
-6.116354439410898	4.749409804368751	2.0681755519401386
-6.105201787788538	4.73839754061851	2.0586896821268477
0.5350199989691502	-1.978254556689102	-0.43464965652248233
-2.144722286459318	-7.6545579792651575	-0.10523761133869886
3.190576172196636	-2.889087078251438	-5.954939839013865
2.2660306653049744	-7.553704601488677	-2.347984029768833
6.53888073038296	1.2337558974836667	1.6108247620294405
-5.552309176334575	4.890859595509692	1.2410070312864991
1.3402371916822704	-6.12853821113345	-1.8433977361226994
-4.931059574407914	4.634461105518578	0.855573712549634
3.2252201114275763	-5.180435033950385	-1.7640906288801796
-6.243691154056126	4.712868329337717	2.288698175045217
2.48091145519618	-5.2264088277693075	-1.7010710233042252
-6.038149880732585	4.747712897823475	1.9464948452031694
2.452692079379886	-2.9145748280658355	-4.751541301886208
2.187053463974124	-6.648846518240971	3.483145319999284
-5.0042742815861	1.7703828239339676	-4.382610982227252
-0.5206657872361347	-1.2029095012819626	-4.0113159339673885
-0.8331981484709983	-0.27976045813868816	-7.374354942995447
6.536278293780697	1.2119447895956537	1.5367055046005966
-0.8115191040760142	-0.2889532864441442	-7.361313985594821
6.6066347729128525	1.4596436230634382	3.8552775687312346
2.2768810490544675	-7.571673636955017	-2.335340962394425
-0.7906601815568612	-0.2868891385811374	-7.346629403837857
6.809814922614355	1.4396938901201561	2.554097022673659
6.7993543411923625	1.4884018248885253	2.996587148142908
6.6572329355287705	1.4771918777517317	3.6797708278510837
6.632939079472538	1.3127370452263691	1.7365656172908006
2.970391036527864	-5.0221858982618075	-1.6054615021005472
1.2021652549641009	-5.945226931261422	-1.7861654361682873
2.1684047661691865	-2.543679038245638	-6.3986201938790765
2.1457533131603688	-2.5395890726193247	-6.401788946384517
-6.041482524588307	4.7402042705419305	1.9568462410478817
2.319378594367822	-6.621309561995794	3.518738470069666
3.1237134592731506	-2.9555692282020884	-5.604470010929625
-0.4888525499766948	-0.9542009677761027	-5.44269535935505
-0.45549770941587986	-0.5669374193231576	-5.315002882067036
-1.0152048262565205	-0.29720984512348075	-7.339037605521552
0.5079555216013444	-1.6216666822025585	-0.6153577288501298
-4.664748498992213	5.361393122703712	-2.646242618099339
-7.291716781638768	-1.520150484246784	-2.252790423421613
-5.095989483573411	1.7404633934395028	-4.3640267104007435
2.105783030515958	-2.537567880423906	-6.549457563292999
-5.7180600623684965	4.977971358193608	1.342255815150111
3.1711799399321507	-2.903848983118781	-5.769465236269405
-5.652031674006742	4.942311415608014	1.305643018437512
1.9252641819110483	-5.104913558627369	-1.2250170371819742
-2.045645504142714	-7.689237289583922	-0.08943301834934071
3.187702094936925	-2.906603100496366	-5.832827321637389
6.90374018274231	1.5289780246185996	2.8296572534330964
2.1864513188185977	-5.050952156091826	-1.3987141034293782
2.252020372719792	-4.991306781135164	-1.3875992642039923
2.1686564910913066	-6.646678844904468	3.472763714118863
-0.15290767287768764	-1.072288136909938	-5.590244004128934
-4.461994056060995	1.0045115353621328	-4.18718139916529
-3.05898376562359	-0.3540507761657042	-0.5430706861766308
3.0804446868026814	-5.203102540724261	-1.7577954880768953
-5.862400400581063	4.921994808215965	1.5809868975494275
2.288870875933136	-7.575903510614308	-2.342133008204835
2.206055085352783	-7.532687979039349	-2.402061787582366
2.692891408439659	-5.2257659908575045	-1.901012351607577
-1.0049548491631894	-1.4881391334118348	-4.365353227372733
6.563110361538023	1.5446826314529702	3.1843173440953954
2.599792681983259	-2.9795205975090013	-4.976339380843612
1.1275512451781844	-5.301184858776413	-0.8975145272091951
2.4616463815358434	-2.707326727179987	-6.0708772111702975
-1.4800127320882948	-7.8922602712646714	-0.011112835922608566
-3.703973535782422	-0.8674117322346068	-1.2199747058214099
3.173959194900236	-2.958862363329654	-5.648432866636528
0.04070554131200201	-0.8641363426880357	-5.5215746382702635
-7.310043722307396	-1.4840064406615532	-2.2426124978500517
2.177046419001155	-2.5868460877289916	-6.46810084513262
-5.795918288383441	4.495405411980625	1.644972622267125
1.7649774848630166	-6.6387996002425576	3.355694518604534
-3.536576790331356	5.932562851871213	-0.4426082369303385
-0.691378335586831	-0.3214398045327528	-7.334384856045284
-7.27912177829422	-1.3920322724937495	-2.2291024975418066
-4.688292620275703	5.723534679949082	-2.6116493320515173
-0.9178926872818707	-1.3982949460770349	-4.613600720106054
-1.672241614962615	-7.817861140324928	-0.043534248786777335
2.4141724325877583	-2.694727165977786	-6.098033756590257
-5.736626320886596	4.987815646477712	1.3452689755709886
3.111990275428078	-4.596617307838258	-2.07509972550933
2.2638661716428685	-7.557276077759213	-2.3467310977959626
-1.2141018388236013	-7.949927448162498	0.003299181209884566
1.9568468234634662	-2.6173119951743544	-6.037954536738873
-3.16139454379629	-0.42112601119659115	-0.6173210578085345
2.4146217552756237	-2.683970314019263	-5.79345825050432
2.7952546142315273	-4.4158944776354865	-2.0836950027684202
1.9217611441545033	-7.388735051983722	-2.55091429813937
-3.3593094077263617	1.5363938268159234	-4.422853739983184
-5.835065252809979	4.54444952452765	1.7198124250106146
3.110999524921505	-2.8862223672062943	-5.859779387726977
-6.0206330160359025	4.737292147355868	1.9224175907027115
-0.7770214074767208	-2.259949227194822	-7.542179679487974
0.8368772649838716	-5.388573602320812	-1.3428071190374165
3.1320833678725624	-2.870477275331218	-5.616984159719394
1.252403324481151	-5.8407003815662595	-1.7542867527645147
-3.588285334190311	3.0523471052402673	0.8779428623565086
2.1116762754089917	-2.539773784825746	-6.527186514583591
-7.304987155736804	-1.5007383980167173	-2.146150429011976
-6.071230145744184	4.752010185651806	1.988310208857837
-0.3833866643343351	-5.110124870241028	-0.035450235595534105
1.9242545768275754	-7.395231244414673	-2.5527621146334205
6.7745361659634	1.4543046747233541	2.54483417430266
-4.69886108705998	5.976247677061006	-2.5648102846185945
-3.097298232967491	-0.4101539843112496	-0.5803018048970702
-4.3551620967391775	5.202069809047195	-2.3554907919285526
-4.731966826127711	5.789364380253227	-2.538212696132406
-4.630575018575328	5.302011026208569	-2.619506110296287
-3.9867402878894955	5.667221334655633	-1.0682483480791267
-0.0816546633313023	-0.7608944718069961	-5.436870191078909
-6.077579376870846	4.782510785976965	1.9993000531167289
-6.059897733821059	4.794684802237814	1.960485625094864
2.9142626551081765	-2.8350593387623064	-5.486426181485574
-4.892244649014564	1.7826627253809697	-4.373280352520688
-5.767973888443913	4.931032099965686	1.4646915083954188
1.9627108922493413	-5.311807511224596	-1.625624218466832
3.146731598897825	-2.9209796495679257	-5.630827794386367
-1.9637543277038374	-7.748155925007145	-0.06712706119049086
-4.627567843806547	2.4945645328445742	-4.286965950006339
-4.804329305889609	1.8780343360279315	-4.384249480868431
-4.471709569850417	0.9885433762792489	-4.169951475911597
2.255460179574332	-7.561195053264657	-2.349659670781728
2.250962019397563	-7.557319588562414	-2.357761634567642
-5.7630877035421335	4.965676009552799	1.406407273567871
3.204135621312211	-2.8709939076055058	-6.036257447791999
3.056531032978543	-2.871302410374066	-5.867047433033787
3.2380784796605844	-2.9538342722861444	-5.758654590143816
0.8242743263149703	-1.2075905763644992	-1.9696248008910822
-4.6213196124374925	5.715259448425197	-2.6907531565680514
-3.1427374359925992	-0.4549723667529078	-0.6957365889389464
-1.502086976800331	-5.071199172468977	0.2687157555300756
-1.4745317022587892	-5.065811013914263	0.24514329023366038
0.5438720185461686	-1.7543573200483333	-0.4176298914947931
0.5577127448320941	-1.7004774518706616	-0.49321396939325035
2.2425520887022055	-7.550504236693271	-2.361096750446662
3.1022552048980296	-5.18674465752108	-1.7843507337441171
2.0481480364566997	-2.6162563744175396	-6.099465881970196
6.777460329803207	1.607166410318649	2.7910746562425595
6.654263515210185	1.47100065583555	3.6436602841338575
6.634966614238855	1.4765579584086983	3.8075887091180927
-0.8386966105795417	-1.3139279061281284	-4.721387161872498
-6.053236297485106	4.754584061353046	1.9711644609646748
2.2434794016915407	-2.757324853158462	-4.985102738710365
-4.839254472751953	6.0296555164128955	-2.51515034760771
0.522218685693473	-1.6959877305239786	-0.5703976791024782
-4.012208431867129	4.206275211536475	-1.7771720604272272
-1.9634043258457574	-7.744957233892515	-0.06375835641495727
-6.21774900905487	4.733122761138442	2.249059138870612
0.9757853579462413	-5.509058343777289	-1.6124608555750535
-4.59448399413901	5.154289991240471	-3.0325564499448743
0.6460319660835867	-5.478919458648768	-1.431027454689987
2.369511250418176	0.4878662828477616	0.5013808270272039
-0.28341566074344654	-0.3281353715334547	-5.419544514792231
-4.499009434402731	4.816898701330315	-2.522571040935084
-4.685019763712854	5.486620390930582	-2.641512934547513
-3.6957336861218075	5.880292583231556	-0.5637439987332687
0.46365832173890825	-1.6812215090045095	-0.5386223298032005
0.7930259636071485	-5.340923792963548	-0.9356941896938765
-7.293037107830802	-1.5708267396963065	-2.1112185357838786
-0.506586874330219	-0.9699916781774872	-5.444812509385603
-4.651570256915576	5.8949080000922605	-2.5391603572870927
-3.0462455672630564	-0.339814804254415	-0.509642870268847
0.6401913873889542	-5.529690020822886	-1.874751724083328
2.8940324840080995	-2.889784158087927	-5.571258445628829
0.538529685409134	-1.908116092977628	-0.4728746727396487
0.5547113651422481	-2.0124640936197338	-0.40060044951511165
-4.374050618545843	5.275251679655547	-2.6579308674525053
-3.9835092505131193	5.48510137383421	-1.1330795451108964
3.0594451085143013	-5.214702899711654	-1.746486661274874
-5.100732591649373	1.7491803287252474	-4.364534797820814
-5.093164082446182	1.7560874891009437	-4.358959952739581
3.1746484143898965	-2.9230760826181315	-5.790455009995348
-1.0142253199731834	-0.11441719880527125	-7.325703691055241
-3.2241892407209742	-0.5711812798015976	-0.9172127931097044
-1.4394929097660207	-7.897319596110148	-0.01626514335374749
-4.576185090554729	5.65254403219562	-2.3979799449416292
-3.230820999111998	-0.5824956833023006	-0.9173609946067405
-3.1870906383595843	-0.5589034703726189	-0.9051580808226405
-3.1804318442812387	-0.5199079376830082	-0.803655620479108
3.258526695480364	-3.0074706848459867	-5.626739923259982
0.5328354159331317	-1.970512449312074	-0.44099087127489345
0.566415224984132	-2.04923382749672	-0.3914251517510376
0.6849726449482392	-5.678651908172619	-1.7849090153850398
-4.614370110675283	2.528742906242565	-4.25108745357199
2.4462389899031898	-2.709937757684264	-6.080868530279275
2.1499309071625206	-6.64829882484789	3.4691477189060524
3.0927341313537164	-5.20936027656093	-1.801374210840955
2.2693608032992767	-2.758999246412987	-5.014639842434076
6.5067303791635505	1.1460078861905545	1.3161401310637626
-4.452681245305734	4.795023537025683	-2.5803862318089186
2.255701988420605	-7.558532982228783	-2.35610288812379
2.2799722007928227	-7.574616689903346	-2.326629907203684
-1.2479180417514062	-7.937027468061292	-0.0033708316275608717
-0.9201915941137965	-1.3736278419020032	-4.605607452800028
3.1693576956257234	-2.8697296171198343	-6.019598380581056
3.1907790006411503	-2.8661483078240817	-6.044814553359729
-1.780876416458879	-7.797214172185594	-0.0479461442346822
-0.31723728112632027	-0.9784918812840876	-5.44984504550657
-4.8738857413180305	4.598017474272599	0.9301170974057186
-3.9265363663045454	6.0195847872936445	-1.0820355591198019
3.192210894888045	-2.915070615900406	-5.789831646711409
-4.209592287371352	5.801063620412464	-2.9461472196692338
0.5041209307114162	-1.7225839006816424	-0.5019564687078929
0.392179208199716	-5.037687462343452	-1.7826275255821342
-1.1744671117806185	-7.959949812653472	0.0017195344611615887
-6.099147787746737	4.7312599377625375	2.0492593864720954
2.124734815753514	-6.651181749835097	3.4601708302069345
3.1534873480796537	-5.192285853897897	-1.7887290666674827
2.2676886635560676	-6.629874595254813	3.4969319515148634
1.8706412132063874	-5.1315530734801245	-1.2166505141401407
2.152182709204919	-6.64708641041385	3.4760555586200574
2.0575589512397316	-6.654323170806011	3.4361926259886655
2.2604313219856618	-6.631969761394016	3.5018298398455996
-3.181412299963712	-0.5436767241649374	-0.8623644792794136
-1.6271861536208942	-1.8079543783827565	-6.99654563464776
-1.0267190722431758	-7.999526064911298	0.015599990082641013
-1.4540939950439604	-7.88487584992047	-0.011280487658669139
-0.755540948116239	-1.546245152537947	-5.767432871892971
-2.092343758236864	-7.6722843563185545	-0.09543021574295775
-0.7874524354949151	-1.0958875459179138	-5.069023970691143
2.114662499249777	-2.539661206754429	-6.560968302159745
3.280882571227408	-2.9616274311257222	-5.799911097843102
-2.97924035442384	-0.37082640727211624	-0.4500882146556736
-0.5220985403387529	-0.8846158215993327	-5.428101022834213
-0.7282873030056208	-0.3032385263276225	-7.342801392085252
-2.231867689907334	-7.621452439816207	-0.12364365167389801
-0.7490903304036847	-2.2441036055903663	-7.5514979580777934
2.338123992956878	0.4973297021302536	0.5507706667209399
2.9207272621858738	-2.834095378196672	-5.47581156956816
-5.675431588307272	4.96413888637376	1.3000401964533064
6.515297779743843	1.164468412636497	1.2982781283146048
2.1581152485495236	-6.6335081093997115	3.473767250464963
2.592468840771454	-2.682927815339019	-6.112376095184581
2.2416637616907646	-6.640080163363917	3.510469093292562
-0.8808765079714312	-1.3658960437624246	-4.644799407943716
2.957855499008582	-2.9042651276181903	-5.623203361362608
-0.2888991601592283	-1.0056465607003968	-5.47190927458291
3.14146919560656	-2.98518551388832	-5.5096136243253175
0.4508845356328095	-1.57436975579951	-0.6846833060646331
1.9406575815100406	-7.399823171397316	-2.5465143552392018
2.2738636229558122	-7.565339336762843	-2.346905872254254
3.535185008680417	-4.995631856516554	-2.6357645173866504
-6.0932514448357145	4.744936910875976	2.0645853958779354
0.591449416313225	-2.0869871797687765	-0.44195515876119323
2.107351638149454	-6.661341850854067	3.454655768054031
2.2224349782101434	-6.640180495653142	3.488526817633982
2.1985203768753427	-6.640592907700787	3.4820749141636367
3.358283140143219	-5.064532413197648	-2.886543752396007
3.411752964533525	-5.043796588672542	-2.9587840880370155
-7.271295733895854	-1.3939042609485675	-2.312991802225296
6.654584300484823	1.342114590050187	1.5204196614130863
6.652038709190509	1.3397622695923357	1.5189501044687872
6.628779549217764	1.3011775535520151	1.7695543797182134
-4.7057668563751465	6.103457518511148	-2.45757086354423
-1.0099799462110262	-0.2930086223626998	-7.3355232613149015
6.547945451146764	1.223272552437607	1.4789028496418013
6.588527170385115	1.2771579661818375	1.46834025833198
6.831460504661141	1.4953442366834757	2.805477473184183
-6.237703422869467	4.725604830025631	2.28965363223547
-0.9065735071186164	-0.3675673685342586	-7.342918736304862
6.50514938489119	1.1524975879445614	1.3079593409566816
6.80378867382887	1.489564911118694	3.11508129009061
-1.0136330424199067	-0.279687831315452	-7.365248485500226
6.606277558312722	1.4624844273042814	3.841544159512452
-5.625922394435045	4.948890606418711	1.2826522085585519
-4.600497119549059	2.503350720295755	-4.342463795095971
-5.734835975835176	4.959242362391937	1.3801434137561113
2.2088458657294243	-6.605356459422329	3.4884880246521273
-5.678800716367834	4.9130417019007595	1.3540483741223166
-0.042674139686198015	-5.082007316845876	0.3625115759242041
2.1202099298371784	-2.544315519325754	-6.317473554379146
-5.711866031725541	4.940822894517141	1.3891267684397597
1.8638916546915865	-7.323238760171465	-2.563669764111931
6.596773558933754	1.4615220114291898	3.9089493699328575
6.602138710565892	1.4581895499136224	3.860137057549532
6.699085090541547	1.4378998197700585	2.6205062544532325
-4.6992609104146235	2.5569449282760486	-4.1791642013022825
-3.5064834309762416	3.124064753661372	0.9323822974715141
0.538744148310917	-1.806158581397136	-0.4331805188283401
6.567751131975012	1.2450333699554716	1.3889867946731043
2.008747444923927	-2.6252067358458597	-5.774602406347922
0.49132900238090266	-1.9683772635424974	-0.4594506150367963
-4.484544189325148	4.872394703243433	-2.6303398425992164
2.8189096008940093	-5.274200208166292	-2.2892061927613074
1.619164427589959	-2.7190060039223014	-4.693554281773688
2.6361214984774164	-2.7228974774016503	-5.9861714756390745
-4.846949351982141	5.46753954413946	-2.788372775151625
-4.398039310728334	6.2415545567081905	-1.4989982511949338
3.1982480520396437	-2.9375677476256983	-5.686484751532702
2.955991963174025	-2.8988013734450466	-5.656198253871209
-6.044756336231765	4.766191256256628	1.9825974614976278
-0.30816976641106725	-0.4387367316112697	-5.423476813688663
2.7658279213669124	-5.2303553833881935	-1.9826249692271007
2.151302292998619	-6.645647034779227	3.4701779435439906
1.797094148778834	-2.4753721319012194	-5.68100893919447
-4.675970887918504	5.0951576323844785	-2.592119852285175
2.2129216425384777	-6.641702886313043	3.4859781656792865
-0.060603271637272624	-5.066788662356382	0.3592580548727511
0.5879311205159252	-5.461931124836751	-1.4128337827705815
-3.037081158081913	-0.33141930862076197	-0.4951220959436665
-2.946231235790352	-0.3724453856080123	-0.4125779290608259
-0.2874906422025006	-0.2856043542714085	-5.426825568193864
-0.7529887804037843	-2.2541115129471705	-7.541465753957976
2.296169218416291	-7.570650213484736	-2.334849420105195
-3.1632507784891577	-0.46032196693574057	-0.7689209234474291
-6.088511045118573	4.742739693743029	1.9965700009903085
-1.84822570855211	-7.75033772908528	-0.0646829374222849
2.602028812766038	-2.978540275059226	-5.027419945845484
2.993907430737257	-2.948526250550473	-5.484637005440656
2.16007190146493	-6.647102955766251	3.4725103342831805
-4.628812590962948	5.702721224991074	-2.4918752466216394
1.9855938521768672	-2.622503659026061	-6.055212784283055
-2.243307514262124	-7.627948500227896	-0.10564733470247605
-4.554537948753795	5.37005329320902	-2.568964019279848
-4.535319933560184	5.570587654211734	-2.638852043584737
-1.1235530005115753	-7.976502869221776	0.007073420790044922
1.719301616028402	-5.182225009878194	-1.1882774162345422
-0.9100044753098157	-0.3577576341311619	-7.3492853361330495
-1.0466832546913494	-7.990414102208383	0.011388653136616158
-2.096612041767323	-7.6652602710548745	-0.09414647110953044
2.1282677702747654	-5.1428745464352295	-1.4737718246244942
-1.7303332890219492	-7.800767863457351	-0.047514286815409576
-3.647712304225317	5.791710301786505	-0.41336879232795676
-7.327948832937697	-1.4867655143660212	-2.080890987832991
3.1755917595159335	-2.8734510263410247	-6.011892578592799
3.074748946835177	-2.875987790769486	-5.8929774117320015
-3.062083892206797	-0.3455225637427243	-0.5156046648429086
-3.7069602799989485	5.881934917226478	-0.5862034024100801
3.0942271031807076	-2.960194937030608	-5.547699038110946
-4.720802502904575	5.977306025086326	-2.580055072310458
-4.615828896681754	5.669937045775379	-2.564833827238932
-1.819296701976638	-7.770581186206135	-0.059453756764982615
2.018461981798243	-2.629077836682787	-5.784707385455155
-4.128264983365655	4.888297204097665	-2.1934037521935545
-0.914544546294687	-0.38664889269334346	-7.334239636422201
3.091131888818407	-2.860357241914741	-5.9823268019419
1.9585623515235908	-2.4958477636458327	-5.559131793420296
-0.8589054720195924	-0.3200004166793859	-7.375244154209746
-3.087991319229335	-0.36332462296460555	-0.5366039166270136
0.6056849648375238	-5.468916663174153	-1.4145264052074604
-0.2996411736471352	-0.3775702300246539	-5.404623016710869
-2.0284131763964885	-7.719094697157387	-0.06881777528378498
-6.11645829094657	4.769006698928599	2.111274706413253
3.1782573181766285	-2.8681575791836176	-6.039912118567729
-2.208135308701046	-7.632759021390616	-0.11249348356040755
2.12794603331431	-5.162013551890574	-1.4925080012909744
-4.752169036202527	6.013204892889533	-2.459277963309064
-2.0560366843006297	-7.700639894910901	-0.08587432756743742
-2.0363282088759935	-7.692041617503629	-0.08734043916328924
-7.337132789991764	-1.4815938785135176	-2.1413131466846207
1.8387849197329766	-2.473014827170406	-5.728520423402027
-0.7685951594526782	-1.360580896966255	-5.660956338905796
-2.259708460371967	-7.618324479763032	-0.11945910768957593
-4.9388086778844515	5.457403956631626	-2.9144821281440962
-4.7406250521766236	2.519353678565025	-4.159524556574786
2.3363612320389575	-5.284223620274166	-1.7743066146200075
-3.545859848440741	4.333076076800088	-1.143558403837663
-1.0390389502723572	-7.989602322040671	0.011802508590626896
-1.0411508363255721	-7.976351004322159	0.02252435867764587
-6.0941859795171	4.715346057620897	2.196894562510549
2.2007602357438163	-6.6411873182130625	3.484307093067511
3.0045503182825395	-2.9313297293525014	-5.51018863385419
6.60245973624659	1.4581256146045223	3.8617113509388226
2.7591294780836453	-5.189932600073827	-1.9553556298978185
6.514413617367053	1.1652295137926816	1.2923951819095287
7.132335884814982	1.575480562228992	2.866736638901223
-0.29973411900027774	-0.3847143801881241	-5.417919003947508
-0.3344765642684113	-0.8352945271768589	-5.334505888481383
-0.27800724704652485	-0.2583014109874165	-5.455318369189286
-0.7667582998469926	-1.4895812534277746	-5.683839607630215
2.171681828991885	-2.5950427063891186	-6.489017559352365
-3.6925637712876145	-0.8429599876298778	-1.2001266071009276
-2.101639228639057	-7.664793789863314	-0.09814832211378527
-0.739857419910706	-0.31922979359701986	-7.337894213538704
2.20450310843154	-2.6032473232147173	-6.503504170496423
6.48754848707778	1.1430786532317447	1.3858094149217943
-0.24285448605372947	-0.2905446908075955	-5.458152417913917
2.673616455063379	-5.214749316914649	-1.8472326321084243
-5.722032425363204	4.989166798234117	1.3164628072599576
-6.129799693180075	4.734698382847029	2.1877104020015987
2.097008207430561	-6.650928727688714	3.461026338472987
-4.660749467634952	5.553036223865376	-2.790469712210557
2.6232621160852023	-2.839315966604786	-5.546650466827782
3.1685192577995163	-2.951154618859339	-5.6562118835228015
6.488697818297728	1.1359882299687092	1.320818055679915
-0.8915937050032312	-1.3420412702108813	-4.606086471248984
-0.9345363413591455	-1.4143224656509021	-4.537639825528083
2.172310796598656	-6.643365116729651	3.4797475404734004
-4.60022798445337	5.119338299125797	-2.717709461985671
-0.998819299223989	-1.4570049994789858	-4.507983802837155
-4.367597253738887	1.945866133758486	-5.076689365253547
2.217776374478664	-6.643425818871641	3.4903565156917162
-7.332223760581107	-1.4555883214845964	-2.2293087056025866
-4.852261468010054	5.506739973946912	-2.849043962787175
-4.710706744081973	5.477308549866928	-2.572739567543739
-0.7797045161674542	-2.252166401425605	-7.549187883670754
2.32066730083087	0.502392435647972	0.5638330626811414
0.6978171896319393	-5.433191822488386	-1.3698017304442731
-4.728448437635395	5.95552521971021	-2.5525545713754734
-6.821152355860583	-1.0565116562052992	-1.4147662917405046
-3.6601705296927283	-0.7914562249550868	-1.1530968339326875
2.3037107667292385	-7.587167777643874	-2.3336913367133842
-0.8010493603759838	-1.6237969377077612	-5.783987697572121
6.607085091009669	1.4626594951168888	3.8455274493049734
6.604583521458837	1.460876034221831	3.877563979796048
-0.6701085266052293	-0.3055454076876339	-7.340049967359251
-7.284302950729605	-1.5428185495963813	-2.326161265750712
7.11707212958492	1.5642584338436156	2.9179046333595418
2.2895965735079655	-7.55370798972788	-2.3333186591458945
6.876727751942004	1.5231224437863013	2.852902829954235
6.841635315799507	1.4951572072341754	2.6342474375318603
3.144730729780087	-5.0729728233573566	-2.615008206434304
-6.23528323059353	4.727894993005779	2.271341119938189
0.48614483754131427	-1.9890937320111943	-0.44167918890864083
-6.060604441157025	4.735403508117469	1.9772584901696177
2.590336447021957	-3.0053235139733903	-4.985837060835063
-6.094559520895848	4.808442432598682	1.9898313156131295
2.010909335828837	-2.6372604096889725	-6.0203340492635595
-2.295804520983071	-7.598285342351969	-0.13309631594151355
3.0944115351801793	-2.912488202377668	-5.579553885458435
3.117987583123463	-2.8741668361377952	-5.92231397633874
2.1490143465797313	-2.587114181537448	-6.558071038801647
2.265215690114006	-2.999955487964735	-4.850359177900325
-0.2433752784701846	-0.35091996229103506	-5.463268906697366
-0.30033198005104944	-0.35188173397511646	-5.4063810535985555
0.5618365287093123	-1.7839051079632444	-0.4621830440638707
-6.069339014714114	4.760681634180841	1.9717801609363248
-4.391218786509189	2.1878578478167783	-4.855332757084326
-0.8340602373626953	-0.3207010644222711	-7.369908083984344
-1.0001442326932033	-0.31031926427293416	-7.341007563540944
-0.9572031505039339	-1.4005654764788338	-4.513090781553969
-4.424010900667985	5.655664658328045	-2.067028622317201
1.7386516910667096	-6.634074677690014	3.3487314630863443
-4.678082426586202	5.7422479477735235	-2.723228098333516
-6.113974054322244	4.717673394459768	2.077388055213293
-6.085817632120884	4.7983694323078385	2.0284916008637537
2.204283774572982	-6.64572882903196	3.498951650034991
-4.624014042756753	5.488402659216854	-2.4363709215123945
-3.374348694831358	1.5404157445510682	-4.413105884272911
-3.243276173988114	-0.5919897255770685	-0.9440108246307565
-4.640216820955457	5.2658894609940505	-2.7758502190992966
-3.5070458505227236	5.941308392952416	-0.42384605510938844
6.8132797270924295	1.490103783481306	2.773750412768099
-0.2943508718499445	-0.4507283382492396	-5.433648483942787
6.926292493401591	1.5492842161805331	2.8664232821136286
6.796654229782655	1.2697103561622092	2.7133338808706684
6.600162902413294	1.4592596660134742	3.879294664570183
3.1913089431371073	-2.9665787717550662	-5.667913830281761
3.160712041324586	-2.975172630979968	-5.681285072883619
-1.0147221518725547	-0.2815035660775322	-7.366638667056706
-4.88847661453831	1.7256122526922224	-4.374502301991357
-0.5492246218028335	-0.778624963284718	-5.264424502567689
-6.030667743674123	4.816325318488405	1.931263366254445
-4.6046823142650615	5.480834993880766	-2.6226912459225873
-7.308940084641258	-1.485585126827334	-2.1125488872549245
1.9528494359263076	-5.115348425690058	-1.1767586996672494
-0.9233849420158272	-1.4118311155542564	-4.655326912860412
-6.104503745140682	4.744687277206692	2.127065577621434
-2.1881023973190774	-7.63692023259362	-0.11101848270674243
2.9875870382739076	-2.886616476626166	-5.771016493556998
6.677496100654384	1.3551175878315123	2.199016883132779
6.515177577154171	1.1835240726528944	1.4140628278954466
-3.702065842049641	2.961437878882046	0.7745390715522565
-4.337602979473717	4.555129162726631	-2.525884312925319
6.965189203081144	1.5483608042885544	2.9547191114307867
-4.811709227417485	1.735079716633637	-4.383786879578174
3.1789153672277486	-2.9146743006673757	-5.814006814394934
-5.717083976902948	4.995565022822243	1.2993494206829452
1.8695293057692446	-6.643552405390225	3.3856239998119566
-3.1188544378921903	-0.3926178136214036	-0.5672710837865919
3.0185049269700426	-2.8426261528090673	-5.979679211981207
-4.964074942884817	1.7754206034985751	-4.348960437735377
2.017578061518185	-7.4256287727647905	-2.4157453373113524
-4.896900354354796	5.437342203451205	-2.9133785230025953
-3.689232163050806	-0.8416016490476245	-1.2024457696348956
6.816428776695873	1.4988438936436908	2.8683145071596687
0.8856321732194478	-5.791457876743446	-1.7512715338813067
0.43766793748349136	-5.244069930510832	-1.07754921759933
-7.324913120030623	-1.4812153487500397	-2.252073674217281
3.130948676529754	-3.020748252214965	-5.379021520053167
0.6542657156618179	-5.6246012451139755	-1.6099686683196186
6.581678701586363	1.2524682962147728	1.394336096931693
-4.731746231205549	5.80951218933825	-2.6253164067156156
-1.78284304704226	-7.78245019189881	-0.05434943001785739
2.1341661858767895	-6.648403395693179	3.465781594929693
-3.9347069623818376	5.321353696841495	-2.688200028697047
6.613061826873181	1.4671026889779355	3.9095356617115464
6.590966664382742	1.4514923857133624	3.838229951254807
-6.051005190806485	4.750218473491554	2.0497509807035756
-4.599477396840975	5.758434079708473	-2.5525081921468042
2.0859629710187666	-5.014761331035544	-1.399377484793004
0.6084635482004475	-2.090821692760547	-0.4006496040157933
-4.113593573597827	4.404060169596676	-2.1069908598018614
-4.127119468675264	4.490868549858667	-2.194740725261088
-4.772627493650174	5.820412888990844	-2.5417359341384977
0.5006327696214204	-1.5979648463801206	-0.6366666374844304
-7.32412196880803	-1.4559346369575057	-2.2169672948788604
6.6932890160793095	1.4893847906352615	3.5755989971168325
-0.27848088184918185	-0.3828851218741393	-5.445512215044516
6.527426190498551	1.1935891847519504	1.2671630755784025
2.6789999301840375	-2.850257549674156	-5.549291292651117
2.261654576025341	-7.5587055769456	-2.3581431987470527
2.1622214657517387	-6.644891318290495	3.4730890084371553
-3.755190871526336	-0.9882896371630239	-1.2936849089487017
-0.3221161901392838	-0.537176146532571	-5.354404584357297
6.798965552095677	1.4488208494541435	2.418115727456721
6.7743659950852795	1.49803402772734	2.713204547277967
6.584327438127601	1.262281087239108	1.8358099641887247
1.974705697772701	-2.6562929942200157	-5.9140478687077875
-0.8053684510906517	-1.5839163022587348	-5.788329013220123
-0.20068660569340938	-0.23484756489803676	-4.735339733163569
-0.380642957241499	-0.9529895131322578	-5.326053608531007
-5.094001803578824	1.7553532636413092	-4.355083292506264
-4.102332255298954	5.902209318276207	-1.4349731662391525
-7.341039666130303	-1.4691571779831383	-2.1620897417823928
2.0728864156268165	-6.658975100242321	3.449298462084204
3.2784401257463935	-3.007846403573506	-5.662226693435227
-4.608673611507239	2.4837398226348015	-4.250441285760334
-0.5269948499283788	-0.7409290898463162	-5.350836277216559
1.714024076126728	-6.638794446056612	3.3389731297549683
-0.198670334802163	-0.33094916815961967	-5.464706669052933
2.3032085327509395	0.5008948492478517	0.5654793611718647
-0.8001525958446162	-5.127791141493012	0.05476798407394491
-4.81433364049839	5.432975710443533	-2.7530146270180302
-5.706876200441258	4.994567750456513	1.2960762714091645
-3.284536079592352	1.518186498487423	-3.4881289764629986
-4.224992740751423	2.1909848681918924	-4.2261745749493
-0.40373249558167096	-0.9832884438550875	-5.359581187117952
-4.451643782812578	6.079512738439824	-1.8015733013517157
6.63972500273885	1.3345513631737929	1.943678077694747
0.44120759073008414	-1.602675931158021	-0.6140714252258529
1.6250785383841624	-6.633466631956521	3.322004019372126
-4.495634838704072	4.790779894198786	-2.67595498902041
-4.292727197294367	4.613712385301918	-2.3673677839558023
-4.644514349972351	5.375351854208646	-2.647750803531436
-4.1417336015356625	4.427074591359828	-2.3019003536169387
-4.396709402463586	4.917684378510226	-2.5253884152936794
2.158951875210003	-5.122598113543336	-1.4461087205083452
0.4543495775364375	-3.9681096598975905	-0.9475039705571784
-0.6980639518407312	-0.3350965143767156	-7.345677940852221
-3.6467872333780353	-0.8021302110026498	-1.1447607460645646
-3.945368056635716	5.805842643187465	-1.1547938283128778
2.165335976677457	-2.587280942245553	-6.552973687850245
-4.524404893291719	5.6126958685498485	-2.3014788472470116
-4.420034957153775	5.764045511532907	-1.578732120030884
-5.698763955164975	5.009861388566414	1.2821846388545566
1.127078552948962	-5.395702614340555	-1.5581625738064908
-4.7272973163722884	2.4351235442424186	-4.2175244263524
3.1971878698394645	-2.9603450069351678	-5.6637465481637825
-5.057908750144394	1.7493799414583466	-4.357620389824278
-3.4275314574475493	3.158574148093828	1.015203584464762
2.1881854801891207	-6.649420903586269	3.477662746808801
-2.22528324427271	-7.614773159171627	-0.12122663634322914
-2.2179713167223296	-7.606890567139607	-0.12759585789963962
-0.8312781641896635	-1.28875703628579	-4.684863112837746
-4.3660604072521485	4.603110342640188	-2.5058120266674013
-4.680849271682936	6.008090298735776	-2.5380691654537912
1.7656784554390772	-6.64083876491467	3.3731718222082985
6.786116710474299	1.4639585391822518	2.673756402128164
-3.298095718833501	-0.6800974141829689	-1.0026153838755771
2.0373868174201983	-6.6564237346543385	3.437396521758455
-0.3213798694082726	-0.9735063064764493	-5.455591033637303
-0.5895311182141867	-1.2322081816972563	-4.11749467058074
-4.399484724742526	6.196158906354289	-1.5347386380871295
-3.147634259672576	-0.4577234512482622	-0.6920829720629188
-3.64705667900385	2.965414039847087	0.7774922931450851
-3.6886942005148224	-0.8132398401435236	-1.180134570414034
-3.693309960518784	-0.8497312249428501	-1.2041561954666238
-3.964989593558921	5.8567081063223405	-1.1537795834662916
-4.37599123935135	5.568108990874948	-1.9679651543041192
-4.717772032737093	5.613493225072532	-2.6454964888226975
-4.389730963903041	4.995487887722136	-2.5555323257708107
-2.025704017358491	-7.718089314800731	-0.07223780477287471
-4.221446037834234	4.535130294287239	-2.2795766918959894
-4.630953191395154	5.0278823041277	-2.6410569815829965
1.797702875112258	-2.458774762678986	-5.695723719782957
-7.317202259820876	-1.4885504102707467	-2.088302305335218
-4.311729348391386	5.798766529319237	-1.707067068000258
-4.56014512381433	5.0033171213514525	-2.684825390142827
-4.6535110869243494	5.456858519232009	-2.5858725664697104
0.8708439985342523	-5.594977381692635	-1.5403627770905661
-1.4621234694327094	-5.061304614667378	0.22983820062458515
6.650637473798488	1.4658943193027463	3.5465710446209067
-4.930913465798602	1.8480253778517923	-4.362225039548058
6.667733902248077	1.3541239196350292	1.764706069581537
-3.7397090313199164	5.88348568560024	-0.6618860094458763
-0.24068457441020896	-0.27572849773083585	-5.442559804191787
-4.598384241384495	5.421941190631123	-2.6344413145446843
2.849098550396729	-5.266471206337838	-2.302577660185711
2.169310609927545	-6.645045625723866	3.4761439668209406
6.679753675620712	1.3938858302215367	2.1315083775017944
-0.30538602310688223	-0.41776170269995283	-5.417542021637012
-4.8008035535043945	1.9468911561466193	-4.353415676655023
2.132162130590683	-6.653134964578609	3.465027085248215
-3.7374193566062903	1.5777834533564639	-4.392623216699278
2.3059053311592765	-6.629041790810238	3.5139424038057494
-1.4609934442488015	-7.8740047043556185	-0.013528779570603642
-4.8650574416049315	1.8298775284201192	-4.376385301725571
-0.8941311947366216	-0.4820900108566726	-7.272872627971135
-2.1996373189780543	-7.605370436816159	-0.13322590326326567
-4.639886710395556	2.4762880065821	-4.277742240918133
-1.4792693512709583	-7.8862175962351015	-0.013845061705667681
-4.710849733558699	6.016693715357164	-2.367438772695315
-4.611382948513844	5.97063976908602	-2.4412450869923017
-3.281343531692735	-0.7714272959544143	-1.1827763802842632
-0.8764535291387195	-0.2785429665488984	-7.34993664404942
-4.998364011323787	1.8412524031454327	-4.366298108087926
-4.9263707470784075	4.638454953216024	0.8446955861837427
-0.8228601122765425	-1.3952887041517363	-5.680488558644508
-3.5935022160189165	3.0451701916739244	0.8618694250118433
-5.698339300842257	4.998324869112241	1.2520991873361915
-7.299518626608056	-1.443752960754373	-2.1500330544701596
1.189678799992497	-5.4004792125543375	-1.5703455414516945
-5.915352121139189	4.850224025269133	1.7279305331715369
-4.71054694574742	1.571256174926583	-4.349016474046621
-3.6970234353429468	-0.8490824876200714	-1.2040207900903361
1.5151256488063052	-6.626953467166004	3.295901462520668
-4.00693453001272	4.988422799427308	-1.4067078541954003
2.1929661221101733	-6.6464119592425375	3.4833341277112417
-3.757290925291764	-0.8279331810357202	-1.2705121824264822
-5.728584645780534	4.925718385606839	1.4250609845818132
-4.171831387200906	4.573175788830524	-2.193280208093637
-7.367994096254744	-1.4926764845537914	-2.0009975744746553
0.5687322364062274	-5.4392108860315105	-1.9447302866989513
2.291434373838242	-6.6320841322277415	3.50968704159718
2.312044240599733	-6.633242158389501	3.519922911011338
2.16056886410558	-6.654475485182063	3.459826310176308
-6.059613981747734	4.786279403232404	2.023200086959752
-0.6600345233122945	-0.8856434911913426	-5.353627240408167
-0.8292981566799428	-0.37981671184715154	-7.3220829284143925
0.5516692030669927	-1.742994710490741	-0.4955684041240724
-0.2855621072153761	-0.48208280796753744	-5.368935780636171
-0.5241551822902204	-0.8628876844645573	-5.338654031279294
-1.471016452939015	-5.070134876181574	0.24331708285529438
-3.740076068123791	-0.8079040388970455	-1.27761257082708
-7.345224354447314	-1.4501116544614887	-2.1696024931599007
-0.8458426223600832	-0.31861725480809217	-7.373555522163947
1.981602398760274	-2.50524046874687	-5.567297215221139
-4.655719434974854	5.576449636924873	-2.641879291817692
-4.63160380097346	2.507960104189593	-4.266733605000533
2.157116321249959	-2.3139867526425246	-6.048586992646286
-3.69328255678135	-0.7518411943822562	-1.1199316607180752
-0.8721878721983717	-1.3188196461798092	-4.636874090689036
-4.779309662104553	5.907222245040017	-2.690003441343731
-1.9869911482706117	-7.734437754629113	-0.07045204326939267
2.6578685481848656	-2.729303254225391	-5.9941734557302135
3.2075914667827696	-5.154888096738142	-2.8103222006330038
6.606214037235438	1.4658925621071976	3.9270550216431217
6.606996370081144	1.45788460549298	3.7963127728420347
-0.9786932905407146	-1.4494888675429274	-4.568548228644289
-4.616566343927133	5.787945838256537	-2.5741544872397446
-4.63643029627336	5.33682849776502	-2.6844367059227388
-0.17336779951813672	-1.0525495945073067	-5.498443058255511
-0.2463591371901188	-0.413595507183722	-5.432897313395439
-4.8924222709076215	1.7666816441162356	-4.378214372515332
-4.400111532976367	5.357645291709894	-1.720859007576361
-4.952022934140116	4.645436910274844	0.8529674408312672
2.2649688505822767	-2.583115573038131	-6.206033032467128
-4.885955889474912	1.7768006832587642	-4.369494860779904
6.827908143010272	1.4600599068421984	2.3219109099318613
6.607699319223412	1.4673706667073734	3.9124156715156237
-4.7436690428130985	5.462259283359828	-2.739029243562507
-4.713579815665133	5.629542256141395	-2.6088104386761852
2.6171595349184344	-2.8364601891576156	-5.54227509225384
-6.248840655681313	4.715620425296455	2.297790641194122
-4.711411618447744	6.137749596162197	-2.326090514826074
-0.2748007774758333	-0.4673931650735233	-5.377236642992172
-4.7382276570532165	5.7723273256781225	-2.677020018191525
-4.622481570972744	1.9919937410506834	-4.4319116122285935
-5.071591734395815	1.7759290323949173	-4.362245937329027
2.1914475303739667	-6.646953851921893	3.481735553550555
-4.6720459003146875	5.933836009846583	-2.4343450740869175
0.3202280848355432	-5.50117216487674	-1.5467608434685294
0.9436403640311707	-5.698502076092234	-1.9902242025324668
-4.75295068822091	5.421090758972059	-2.668783099246388
-3.8207597488642437	6.022471145563314	-0.8549643768250129
-0.8229644259574491	-3.092443348446971	0.010336311048873843
6.626095863564882	1.2945559465816738	1.6659766577905926
-4.705064281102633	5.975430344713188	-2.462923549633018
-4.459056648858398	5.930355963562683	-1.874079679381758
-4.462775924842001	6.140003227178622	-1.7391727452359833
-4.3824836542123045	4.843859399403599	-2.483517587457465
-4.060478757129451	5.056676954488964	-2.605557047973826
2.1056220344115113	-6.652268812981715	3.4592643689775553
-4.688809726150414	5.442066887398764	-2.6238660205259117
-0.2388637891750571	-0.25819911998327466	-5.4542815314841
-3.906898411973895	5.93259362234329	-1.005186323627603
-4.729404611599941	2.429663335804872	-4.227985538968264
-4.719070730777266	2.4686385048140704	-4.20567216320253
-4.599785998900675	5.380370757368865	-2.49753895956132
-4.133916602575377	4.423344735300547	-2.096929332507489
-0.3291807669924451	-0.7536730275172681	-5.193982902369949
2.235113810572436	-6.6523017203389525	3.4925460216323936
-4.586198175647463	5.573666016819414	-2.5455118859579278
2.146562882182622	-6.640941832565004	3.477268102695148
-0.9598938079552782	-7.998025301673026	0.017487008112429803
0.3274466603407606	-5.548332477514944	-1.594279102358108
-4.244158153563764	5.6488933972101805	-2.85738821469855
-4.286349734978945	5.7605661600352365	-2.8791034406994336
-4.687525675420187	5.854409010373088	-2.5293815673836577
3.2049286256327276	-2.915099226514742	-5.893514906695522
0.8434922607403663	-1.21339868830707	-1.970752627458736
1.0127799233838561	-1.2152782918892326	-2.0468892475601668
3.4210252536211705	-5.018613843541228	-2.3780324744905115
-4.181887288940371	4.433867386949349	-2.1776026875530183
2.159639826678477	-6.648415581099671	3.474489959667957
-4.886276393114433	1.9011562511005242	-4.33916553176577
-4.377420854288168	5.837522407026753	-1.7686168001344147
1.8516444548655286	-5.156959795550286	-1.2458313623232329
2.852746774781757	-5.257479982029343	-2.2330526500822896
-4.4400303571538755	5.645753128034007	-1.867445156711597
-4.571721741303823	5.265953100734663	-2.6456245459005987
-4.400270981841808	4.979330183529509	-2.4951242757198466
2.183026259727651	-6.642583781150454	3.4747753581363856
-4.618788990347751	5.793530526742093	-2.247810494317576
3.1277771292144236	-5.184936033312219	-1.7784367061865152
-6.084567626015881	4.777064736669046	1.9959072818824186
1.919489466556322	-7.395384990598551	-2.5571582237598323
2.117296772870481	-2.5466243792998666	-6.341774920392413
-4.582292825478847	2.5277352242099633	-4.3048018962242365
-4.6815898379659675	2.5789063691118077	-4.180752507919636
-3.6853469089492354	-0.8288304868013587	-1.1922725671861938
-6.092379697801458	4.745449519359655	2.0676494191319184
3.3852942454101345	-5.05709979304155	-2.8158787185226095
-4.647107983893852	5.5077905168624675	-2.5717589033451262
-0.32070573892298193	-0.7093217509099725	-5.37414411630231
-1.9624473412511527	-7.733337736395914	-0.07333858868040925
-6.090655906091471	4.716172065874266	2.1939484122570194
-0.2240606309337113	-0.9190036530390289	-5.313391081618083
-3.0949688417143046	-0.4034438553877784	-0.5887657598568267
-0.6671349879727291	-0.3358714333074113	-7.338719144519755
-4.119352020457701	4.432681078487798	-1.9786547000521928
5.88485350111597	1.5287755321021714	1.6197733656053512
2.012313955925298	-6.649028193202765	3.42308131754194
-4.692843941533643	2.5470023603726517	-4.193285446381892
-1.2568969529161012	-7.9412652897120966	-0.009012288484128834
-3.7910832224741666	5.968606992975659	-0.7952415549993396
-3.7095205025350175	-0.8506376820896308	-1.2087639641519157
2.172087318818014	-2.563543862846306	-6.309993308212983
6.6561565352723715	1.3115737379840577	1.719480804371368
6.59026344950366	1.4423684641049697	3.6571636038361164
-1.1495830960774234	-7.9658700188479665	0.002188176780432336
2.5926981360240138	-2.769389237547131	-5.820580189804722
-2.1135338904287937	-7.668976900501915	-0.10075804132674626
-3.6568865560602837	5.875346346560452	-0.5235363365356924
-4.732989070462856	2.448740517284049	-4.2145666403191
1.5571336319685805	-6.633682815892223	3.3114537603520784
-7.359857603746963	-1.4516042526787163	-2.1347328842028173
-0.33831130465519343	-0.30087311543850126	-5.413706335522181
-3.150047064192061	-0.3885603215900502	-0.6445307646258539
6.493343737480585	1.3643752744492696	3.2538253207305434
6.682843233841989	1.3593125974867304	1.7117821118614955
6.604739254136222	1.4637526863620105	3.895571315776263
6.826037502946464	1.5316198857187677	2.7788603282485225
6.501193745173308	1.1602129239483876	1.3225467390051346
-1.9741726281174123	-7.621914611089741	-0.07109922692276692
0.37481773865563794	-3.538181938329814	-1.4507293101839371
3.2783179458451195	-5.1076212107462995	-2.8041920884415696
-4.403102020326281	4.897087391554307	-2.4161935326819277
-0.23861347972896668	-0.3136481449345701	-5.444384498203513
2.1734871993211846	-3.6251164381426157	-1.9812391755946124
2.425545257550331	-2.8905848621155803	-4.7209041273177155
-0.781696066150331	-1.5559521723407375	-5.7647492885588365
-4.809337306768101	2.0308710090072495	-4.322996350027796
6.602547065376632	1.4424819219881526	3.67303523869145
-0.8224497785882762	-1.2899057447296107	-4.701887132083847
-7.348914790027444	-1.5493949969735816	-1.870026323825014
6.464288472769435	1.1021140849818976	1.3704080818351525
6.808432217055713	1.5050617693476984	2.813827738691218
2.1966304467002065	-6.65070815822282	3.498856895404816
-3.2637543727836675	-0.7862608406966438	-1.2132329304867118
-4.618451918183651	4.975430534609804	-2.752067136961404
-6.127056948610994	4.705217739656525	2.1008716982211433
-7.325602673392031	-1.4689001500531238	-2.1364078109490547
-4.26023641839192	4.599510108377371	-2.356080981093767
-4.184969135006276	5.718755911083945	-2.9627079589612504
2.0376389894595572	-6.65805946927623	3.4491333159478477
-0.8294627075457596	-1.2520568043361477	-4.7126836921513116
-0.5189325520722953	-0.9712777269219827	-5.538556890797274
-4.091979247604208	4.353942246726373	-2.111388562603999
-4.0665651241609995	4.313573409692475	-1.9996567232512115
-4.2652196204802175	4.587338746330653	-2.305662970269179
6.832542155158884	1.4907608668893437	2.641759256028054
-2.2051267422364274	-7.61394121411727	-0.12361878728086396
-6.130229399370498	4.739403034103391	2.1397828176926064
2.6488247166562564	-5.206120830976274	-1.8568929337658475
6.786632608636436	1.2354850216753597	2.890981231255428
6.662821069993918	1.330583906143499	1.7213686635775944
-1.024476296295609	-0.3434692258367723	-7.360139946112846
-0.7806223693002092	-1.5373420512347082	-5.762652908761585
-4.2304293220285105	5.830313893769933	-2.9804570990120705
0.8670391585821293	-5.597933973224493	-1.4975182381048664
6.806073511991621	1.4782773103468807	2.4900195208798412
2.2960637369757544	-7.556150538666791	-2.3360173036078256
-5.007768649387428	1.8493400347032307	-4.345704432551122
6.762983309116511	1.4728022668301683	2.6220746028303505
6.794183746162548	1.4683450179690347	2.4361073354680203
0.5622136834943169	-5.459640565378185	-1.080691838175378
-4.551077790128633	5.674088228437247	-2.2882915787715805
-3.550153710966573	3.0605610411781536	0.8963553049798237
2.267099796343907	-7.567438678729048	-2.3570248926418365
6.60019657664217	1.455564685137573	3.8561399809355414
6.680608020240386	1.3518904108552638	1.6546557213917694
-1.471000178115306	-7.890491828712143	-0.01330216874613999
-0.4059204582974819	-0.7644934663140953	-4.680504301263093
-0.3661449788606244	-4.360125229136004	0.24213040143161457
6.713383799357651	1.4017553287360007	2.205518606610752
6.8322881402326665	1.508691977450131	2.748920013277682
6.488390896454188	1.1412737868017122	1.3761583461092173
-0.790677182505606	-1.4575922298601904	-5.720636032161498
-4.528135255448219	5.894500117771791	-2.0276247656920585
6.875123218624833	1.5236936385871238	2.686999284204645
-4.672945680964112	6.102758885011203	-2.2576886590249368
-4.4436031884419025	5.007603097629938	-2.5124813702483206
-3.803462256204222	5.932232962998942	-0.9150237007263039
3.074961389085478	-5.1585170100098034	-2.5955824991572576
-5.984593578106476	4.796505813857089	1.922149004191833
-4.2867336479284175	5.31202857897472	-1.8184882309796095
-4.244989887353484	5.556300168327422	-1.61703468985713
-4.710428127883164	6.083432573863314	-2.311553632838135
-4.9470158075883255	1.8157384962706324	-4.370796728258321
-3.8110259798843305	4.99297790993236	-1.5674457367938242
6.863264255459525	1.5133901338004585	2.8012549109336593
6.6324327516476265	1.2860520412243819	1.7869856155988129
-4.617983872651798	5.537370497789549	-2.585468106171128
-0.4416199036307493	-0.8137630422122825	-5.05087195075718
6.49596619805524	1.1418050710649996	1.3409283290606735
-3.237059275373503	-0.5980735340671463	-0.9314897683674529
-7.329299172340657	-1.4752754459443156	-2.1326510317646195
6.545425070047294	1.2377324115842903	1.700040401671769
-4.97813853819139	1.7670526986137096	-4.301195375153477
-4.561507362937724	5.2842602956024445	-2.598513309520597
2.7042640780923395	-2.735692057675228	-6.08891759876186
-4.773162426539418	2.3706049664353834	-4.173416385452983
-4.892938295459174	1.7649710478284864	-4.389056342894052
-7.336801209693423	-1.4675199673601642	-2.122654836229974
1.9765630579261715	-7.397271293888545	-2.422397257274448
2.195765939226434	-7.523671890632752	-2.404229028385749
-4.721561095081676	5.440622596801671	-2.5865223292081265
3.0154449604358637	-4.998112282056126	-1.5604431882700622
-3.5919636054302986	1.644040828542351	-4.586085838660433
6.823173052111173	1.4799648743808709	2.624987083419717
6.622843526997615	1.4039676147662432	3.044854841924378
-4.587337638651664	5.090747406963117	-2.6651521439046943
-3.8779763829468563	5.891448280068576	-0.9444547690264011
-0.3620879819943172	-1.054925940714747	-5.516956276932596
1.847060874670198	-2.6127124997320337	-5.9004124148811155
-5.658565751475728	4.299037323173528	1.3089448338582717
1.604716119486296	-6.987180314818575	-2.283739102009969
6.597283478211258	1.2636538861459465	1.5964715066668091
6.609080612960475	1.4689401315969797	3.9405094968228056
6.602122943863764	1.4652527025076156	3.91273934047172
6.606488439996265	1.465148472371257	3.881756898720464
-4.587213522968889	2.409378801773363	-4.183756040794742
-4.830694543852304	1.7147651632674417	-4.339979585663954
6.5245377912277736	1.167193132461577	1.2843635679771903
-1.9049594798921516	-7.73419454135686	-0.06452279806231692
6.654606237478266	1.4095013193404864	2.842224467480767
-4.6432946414537515	5.5949731682320865	-2.5276950063097376
6.965973840937839	1.5407504624247548	2.7826930714086435
6.6029197467223515	1.4492869173912661	3.6083188918358013
-3.249482885940754	2.571557430079945	-3.3958107268153936
6.616131933127658	1.4078599527839548	3.0128984092059903
-4.697553996563193	5.859196679080088	-2.6604921470973406
6.676315837986904	1.2797268682612668	2.0816188070613717
6.664187400913523	1.2028337696359466	1.9985913121928645
-4.764420494632408	4.903980883678785	-2.784766244162143
-4.6336171556283	5.512002231602258	-2.5686667415924442
-6.236802183268375	4.73177619577825	2.2771101599335806
-0.8181276848206198	-1.369221861298901	-5.678487167181657
-4.669489325207349	2.2976419168678133	-4.22639225151634
-4.487512365902624	5.012019748786734	-2.546707116016
-4.649076836565053	5.065436927312909	-2.701978060862621
-1.0215236923072823	-0.3402360383613236	-7.230371359201894
-4.452583576047899	4.761077669860957	-2.544220200328531
-4.626785804722949	5.097433686595562	-2.7266556783404483
6.623032483509972	1.4129067132939068	3.0591145236178745
-2.611463123041234	0.7675847420742578	-2.5797909684418916
3.144527477653862	-2.9408775672147014	-5.738105427392344
2.109371790083489	-6.653669417634078	3.4555891225592843
-4.838874363235962	5.586644715553277	-2.6291994007092736
-3.5204672917239552	2.548531541460395	-3.2195483331008963
-5.04938779541244	1.784153076512308	-4.262544360558824
-0.5262945865241418	-0.7813884251292338	-5.278062927975746
-4.767914842036875	2.315711106615216	-4.216211489031913
-4.474450708387971	2.3852364919422544	-4.589851875258245
-5.075742416654482	1.802244262898375	-4.352910918824706
-4.598433300201978	6.171365038199925	-2.103960836291534
-0.6153543517308152	-0.8966312729073771	-4.99200600128475
-3.7579766448113414	5.960125042532791	-0.7497341229999083
-4.317241228332015	6.079147130642471	-1.422538066997456
-4.2185255052725665	4.574279003820307	-2.26774252111115
-4.486163440706918	4.926070222632258	-2.5262169517612043
-4.818003704746763	5.518561234526422	-2.714499908405574
-4.737521855786666	5.57491235851491	-2.703482728650467
-6.007997692825791	4.775261966877089	1.865829765095206
-4.739787322446837	5.691701520158713	-2.6087787867490766
-6.093885616678393	4.762326805590679	2.0664328674507546
6.608226634230761	1.4670632989801515	3.910737969822921
6.596887969752448	1.4540190632754975	3.917707307899032
-4.7211360013924235	2.305499618511535	-3.685801821675968
6.735937233518394	1.4132011921224301	2.445887766395499
2.338686266550215	-6.624214236488166	3.5281210445057387
6.568983935755444	1.1406295406761662	1.9030450853156293
6.576902982013026	1.4126366932779986	3.4734028888513793
2.2879084835226653	-7.580940555992942	-2.28992182225337
-5.086790096112707	1.768893270069176	-4.3607365163199585
-5.069396820444835	1.7823225531562916	-4.356036187010877
-1.4201261010614892	-7.89547003917982	-0.014801302209326926
6.612064371231486	1.4569835048797484	3.6078071054688046
-0.26812948804341047	-0.3551143744158397	-5.411601629963512
-2.2185016289312633	-7.603354745377513	-0.12987905770940936
1.9915197987462256	-6.632365670628138	3.4173842166987867
2.0070231026506535	-6.643637921940149	3.425948566185393
-7.331638033627136	-1.4813941661266177	-2.088819558997842
-5.038854311584914	1.8227736711978886	-4.354517869263643
6.530989331234727	1.3675904182048262	3.359802946198756
-1.9445843312828108	-7.6239524467621145	-0.04575311927076625
-4.590486590296	5.388208439346948	-2.6003973050986264
-1.2783720939768852	-7.910818859698333	0.003673258587377849
-7.336029956673676	-1.5134744892638894	-2.073861607950541
-3.751423853882095	5.951344143869739	-0.9326315194649891
-1.3258334322966987	-7.886462888331393	-0.06748174250990983
-4.357810324320583	5.148363156925135	-2.549507340071569
-4.763512620957746	5.793873871644897	-2.5373936741431904
-4.8017286936701655	1.8854972824338463	-4.364844701495387
-4.5060759675327295	5.102706561138565	-2.5767195257875257
2.2175305447385263	-6.646530988945453	3.4825523154035554
-1.8497994715663373	-7.759908026528371	-0.05834421204544931
-4.426711970709603	5.511447907812818	-2.2090773220030195
-1.259252653884582	0.7148259744513937	-1.4854606622852509
-0.7454665868688508	-1.2912490262214205	-5.527639464025429
-4.577002651357124	5.379700714872202	-2.42884921273854
-4.78729546384476	5.541546538052558	-2.7721570145244465
2.267870693033082	-7.569472257730082	-2.3470542686424136
-1.51491949299225	-7.8340879514137916	-0.019292251344342426
-1.5712021060274104	-7.847423017259738	-0.022842288718211867
-4.699371569896622	5.015326785152314	-2.8308531231551
-4.704543128561497	5.186744633261221	-2.8132703304486903
-5.051390612140646	1.7753221558168264	-4.356021275232849
6.680666615729295	1.3576989339238559	1.6761623081026749
-2.0380298562169714	-7.625669605255638	-0.07676908157094035
-4.414890126257581	4.736367380656117	-2.4147721885153968
-5.086451839778833	1.8279646542110584	-4.340811110717308
2.6864293200725196	-5.1602630993185095	-1.765130427283266
-4.626938377634356	5.138626959327516	-2.6340908756442234
-3.6498124254405004	5.9202701244714016	-0.5736270759666816
-4.591105507536498	5.849854924149786	-2.401797452607918
-4.376843056945869	4.636298076586055	-2.4904359025512814
-1.0262186373287523	-1.4868832077272767	-4.418744457527196
-0.9136885787454808	-1.3808917723440535	-4.362166720003528
6.6257185371304015	1.2936480508448658	1.568857275146319
-4.163012535122324	4.433707688316665	-2.207357572039558
6.8587079744327175	1.4963717343367033	2.5845579438477193
0.18362726370498283	-5.280617461853517	-1.209970680428075
-4.6123682517864015	5.351712161412157	-2.580746364948473
-4.906561009679973	1.945226392942918	-4.306966140253064
-3.589162372786551	3.0418108193862543	0.8703399456956442
-3.476596994233704	3.0583034050145703	0.9608275181360706
6.8266372236535995	1.4673183000767922	2.565381312361211
2.1460841126586114	-6.644588980230691	3.474111831192862
6.684721213492669	1.42293754052482	2.4367431176847796
6.825986875676232	1.5021437279452152	2.7993836865964328
-4.183740027621161	4.600177630771675	-2.1362184140783875
-3.945317218595071	5.81284455904858	-1.0509289798450967
6.552425275832765	1.5357510877675038	3.257134513348622
-4.511597253124028	4.952813538680663	-2.5404396043680935
-1.0653476788354073	-7.962852495416784	0.021037680247679384
6.652685747717155	1.3380636125461658	2.035181784609805
6.476387707396557	1.2029630231340522	2.013457645064791
-4.873364975547776	1.64151381076856	-4.371891192864613
2.178220933783366	-6.645344045093356	3.4920049915004903
-4.677440393037854	2.03627417172328	-4.258962350694754
6.83984108665818	1.4918018215794364	2.55398059779665
2.2078112870944215	-6.641690500989893	3.4743835303747286
-4.4572674239215235	4.886604349581891	-2.5556704015403255
-0.6903219499069047	-1.1634305122009738	-4.907894887237118
-0.7868032718272361	-1.5119750989666598	-5.715449838804928
-1.9469140203334068	-7.65867916326292	-0.092551398149017
6.787051852192421	1.4339368913381165	2.2554151818255748
1.5362565148900755	-5.200372283026328	-0.9395099779755076
-0.42753502816387573	-0.7091121581237313	-5.361001363522656
-4.569072622900999	5.839986935450233	-2.242593681443902
6.576351330508888	1.3313932271124718	2.5528333614509866
-4.649353839375175	5.211246424129925	-2.6204693655949676
-4.6118684911286065	5.041664116629799	-2.691750818197562
-1.0242216201129855	-1.4726815821756036	-5.506392116447924
-4.2267427015748735	6.228429606120777	-1.5214900253106867
-0.5299448766202075	-0.9943404459908618	-4.868246336871199
-4.628730327492108	5.454862062267881	-2.6462017640014337
6.727960940837511	1.4133918785622446	2.4027085749542993
1.705586067440436	-7.015009596850793	-2.5272025142987387
-4.359957856702244	4.703394210743015	-2.4818796412845683
-3.56021362569881	4.970886900780136	-1.2539750740351345
-4.444388881854373	4.935055683418094	-2.5362806957569175
0.580161902589235	-2.0944175974480665	-0.46227602530100764
-3.6976348849951988	2.7622006024746244	0.6834467780774784
6.709602301396558	1.3997592373906804	2.3423593104887916
-4.2005039965009265	4.417844011750121	-2.23749291074158
-7.319632723385405	-1.5931011612221242	-1.9160442290989381
-6.105552521275162	4.748848081803754	2.1577034663400223
6.661167081008632	1.3501809990415028	2.0944313223358093
-4.414091953136341	5.9481207045528395	-1.8219638443938735
6.638432872816225	1.372583388208766	2.419564515083266
2.3478337073314166	0.5060751081473759	0.5472976126945893
6.751176860779368	1.4917381856023286	2.7178538860096384
2.3057127178370447	0.5067859886459192	0.5402511394971145
6.633931238651678	1.3129940025907116	1.9030110474567843
-0.5158291991658651	-0.8137948742666354	-5.393941059089447
-1.015451943816874	-7.964986893055927	0.02575326272821972
-0.9745943312251445	-7.976684315473062	0.036039007395179096
-4.858249113579103	1.7968637078936638	-4.360591253076594
-0.6247640932312835	-0.9653421246089587	-4.915180011097218
-3.6415665005319156	2.991785954911825	0.8148306446821768
0.4786690007713698	-5.615129869619246	-1.7078514273854382
1.0681035083042918	-5.950291144851121	-1.7671876638317552
6.476314437884517	1.1991293041306894	1.9468625984131118
6.881898555973948	1.492631148128911	2.6557054033076373
-3.5767698658746965	3.0317947948391284	0.8556880081889119
0.9683834275549532	-1.220540782869294	-2.011549635144467
-4.70774699329276	5.997467509444719	-2.591527355224822
3.1272340615826075	-3.021145290745762	-5.389626358053545
6.793443784051172	1.479531053718376	2.8275557728166705
-4.504097911727534	5.956718084855178	-2.026131741367894
-5.889271906852777	4.79487205317773	1.7571257359255252
2.169004436334926	-6.64693162611142	3.4793926693231048
-4.729134996674238	2.5026576714090587	-4.206201881045022
6.652476519665447	1.3258928830003562	1.838440102086565
6.6192954415099585	1.2938400821729736	1.492662131421372
-3.6427777844632816	2.9227037375744005	0.7642857078441813
-3.485373774869234	3.105802651659381	0.9339589165220228
-4.7239200717329055	2.5123383452626693	-4.1772092529383915
2.1502306937377798	-6.649516293470256	3.4712303722662408
-3.6263321065350245	3.0226616522633085	0.857376901247843
6.604765967743841	1.4517205078339337	3.70637753801446
-3.4993086404594664	3.0840659842068434	0.9178802545162229
-4.014518941287022	4.251701845887629	-1.9471286118718616
6.600221437460081	1.4623435617191851	3.9510747017577783
6.68104510878444	1.358208766084156	1.9211981189056826
1.9348584733348193	-6.63016997541435	3.4038944718336217
-0.4014613657597644	-0.8486432520745707	-4.939704911510563
6.611598465325027	1.2809769464260352	1.7124297859102018
2.2753683851480546	-6.631763464330288	3.4918078283972735
6.587319007636788	1.4381270766205265	3.69496309139209
6.771659259561185	1.4700548842237062	2.728468983005172
-4.748004027734931	1.9537363886042869	-4.385190655873326
-4.41541507297149	4.78267668051161	-2.508268166128993
-1.554451281259606	-7.841641972271901	-0.02676503603575409
-6.001346455654447	4.572568823465855	2.266376502945786
2.4458741579331544	-2.8926122444883715	-4.714896285402818
-3.5967868197112423	3.0224663734480157	0.8549717040371605
-3.605851545358332	2.980582790542535	0.8046740334230149
-4.750332839392055	2.424686620560082	-4.2179771360672005
-4.86752302373931	5.41167103788881	-2.7048229624710447
-4.34493486281878	5.744464068068758	-1.6166421883410271
-4.350522822719874	5.6960198206678445	-1.5532835073406501
-4.37143770163937	5.721755366792541	-1.5229675503791167
6.601732857606309	1.446220237386583	3.741967082652134
-4.63959855898282	2.40728147268504	-3.8694894385662844
6.598381819433693	1.2469723218445403	2.0640398343763517
-1.281580055488601	-5.3874924787838445	-0.25576715572919245
-3.1077465039960788	-0.3714393722533933	-0.5702368246332098
-1.0310080100419425	-0.3325714803686432	-7.361605108470386
-4.257387090043451	4.522112129947265	-2.3520393187421114
-4.695703348633635	5.42286023117738	-2.6480536661570024
-4.922706896309248	1.8379119927566465	-4.358338500321778
-1.031361568962379	-7.9701624703332214	0.02844788048027148
-4.159167507308335	4.462069385898089	-2.2668288390640603
-1.543137768390602	-7.845497742464372	-0.02236286677929161
-4.269200594328226	5.76374035007327	-2.9278153207305557
-4.532219660528945	5.263130230371446	-2.703372579925887
-4.777448087765844	5.375348565217035	-2.8155209379921744
-4.680133429787683	5.188739602211829	-2.8532130073850763
-4.724027783514272	5.301586683707591	-2.625610627983068
-3.7486980132333136	5.956161716039292	-0.7271048993707829
3.244965745845508	-5.1259050236811845	-2.884037877191495
-0.8002192012443186	-1.1682920209986176	-4.669623639329073
-4.8552575127226145	1.8911141288100657	-4.367212624879226
-4.297782399623387	4.797813991434663	-2.479662070962171
-1.036045279846123	-7.970270484358358	0.025190465867494342
6.600683929120232	1.4650174444677717	3.948305033537475
0.5543431177784791	-1.6970142978169218	-0.5622106840675875
-4.590420555047211	5.1600909377687	-2.5822877745901427
-4.815019850632883	2.345506220258919	-4.148402655183069
-4.367500751289775	1.8819890773092918	-5.116328342733551
2.1660951295961057	-6.649312750570401	3.473968140026761
-4.824059119547538	1.8549499042661277	-4.354605314009925
2.197241671021743	-6.643833247702368	3.473769185331271
6.71136110783911	1.4506246777587886	2.5207779660213565
-4.487236003148505	5.050224725586032	-2.492791546844704
0.8470263736079069	-5.657000078234225	-1.814171089571253
-7.324508249557584	-1.4514549660165943	-2.1656808160505667
6.498158931336443	1.2152086971782416	1.9550591681021332
6.694477892141754	1.4148022115839374	1.9567732157022129
6.574740389367374	1.4135792599840518	3.454137260200466
-4.761952984582492	2.3124876962883976	-4.205106959519951
2.1745451044375157	-6.644875494325416	3.476583925955406
6.673532131492056	1.472413117757967	3.439414477387419
-4.0528435838085874	2.2780415688400795	-4.167953523415322
-0.3324381828539676	-0.8726195951361408	-5.324531280313381
-3.499145235404527	3.1107930969743682	0.9199915205479264
6.766351172500125	1.4715332157074401	2.8713657532216095
-4.582123363192803	5.145183535296336	-2.696918753815279
-1.0102685353324636	-0.836172809337677	-7.103963085880589
-4.37861546014813	4.759497829913063	-2.464681614747758
6.605495005005654	1.4424732030112404	3.64317643310941
6.60582987945826	1.4607352530583533	3.856922105993786
-4.515186197722055	5.08437910814892	-2.6827933042649916
-4.424044508015167	5.600245111971912	-1.9422435111210588
-4.496790393977834	5.051688062137463	-2.5701370220655093
-0.6079620503168777	-0.9375017037163245	-5.4049809606054495
-4.586950838344581	5.90356893809851	-2.3579499345203976
2.3629123784383625	-6.6188186093309795	3.5384521287309605
6.811066366196302	1.4871286715265393	2.8017112463400893
-4.429357966055615	1.8328332221451344	-4.373813243588539
-3.618792512020002	5.975339241772981	-0.6266043912237198
6.589790950879282	1.2659965554732502	1.7460199746460967
6.649032362047375	1.3038644712961838	1.735280223676108
-3.8205340303287927	5.937044776229595	-0.869020657961762
-4.602405456231069	2.505589461369699	-4.356089404173199
6.7332699365184405	1.5855134699927298	2.798021653904897
-4.831196973824503	2.1945393709952037	-4.265590357017047
-4.109898905683324	4.394874974222398	-2.0774766718839714
-7.32931117199706	-1.5206756974830267	-2.047226764017591
6.696549164675945	1.4809234617735931	3.4857907008680464
6.564689199038095	1.2579251904659752	1.9218865986447242
-3.8734092064895105	5.869467165067113	-0.976882689814709
-4.522579288010432	6.191778069322061	-2.096860472188293
6.619356645590771	1.4602044359540716	3.6930931212239626
2.36552029789138	-6.6229651463452095	3.508961738073097
-3.942694358840847	6.015517963884816	-1.0858149141477553
6.837990194579718	1.454381164103396	2.4947605097761723
-0.9483667655461149	-0.7381498609281613	-4.931106689522578
2.1575566391508145	-6.649753850549412	3.464795586842376
6.589261958833508	1.287369043947403	1.7668009046066304
6.657086108503887	1.3089810321336155	2.07396932319757
-0.906114911764383	-0.41300600185221564	-7.319212448545467
-4.647321677087534	5.4580092311056	-2.6790748928668306
-7.313623915988615	-1.481020958282723	-1.9805981720365666
6.801464091513352	1.4094185171615616	2.3222126900262383
-4.45977443179229	5.581643765199968	-2.440180526602889
6.622292000223795	1.2936298860140054	1.7458241875831968
6.639456285677374	1.3040039521266096	1.8912960224366668
6.976600362410461	1.552787031427472	2.8387300317779345
-4.379263055121351	4.84758524797472	-2.4850339160682577
-1.5644650204616521	-7.8608855679611365	-0.019950108785458692
-4.7593369510005985	2.355487838690341	-4.240472165551433
-3.3860748109041743	3.079610440562383	0.9848067664141762
-1.7636762631408238	-7.6433728705849076	-0.09983249152009324
-2.704690523427292	1.4961316744675417	-3.121530372645424
-3.0483523515903777	2.90262933554083	1.013716095558236
-0.41811176289260327	-0.629162725501098	-5.136033698913008
-7.3333438019249035	-1.551981194376225	-2.0764487041700948
6.542586960553579	1.1087890418076758	1.8750049439917964
-4.421517080807943	5.666009033064537	-2.159995434673574
-4.4628172501277605	5.009828201876842	-2.5289584944424095
-4.43431102321348	4.965484871563758	-2.585510598543565
-4.5372120731180425	4.991828434466557	-2.7506157994675022
-4.4363161698065525	4.9469120309892975	-2.5549486182959145
-4.059069882988213	4.95689105395615	-1.7239619333154286
-1.0414973315258762	-0.8885780562306757	-7.082616496928492
-4.345171487389483	4.7051556648551145	-2.433595870358348
-1.0442292662965456	-7.970757602620571	0.021352964682036953
-4.514258887749929	4.939287447260853	-2.61460136828812
-4.136105164567572	4.413188973247412	-2.1454629450085716
6.709077876722378	1.4234730046613362	2.596774221039254
-1.1008224632827048	-7.963861518337949	0.01736882519032821
-6.115965343555469	4.72849653204683	2.1385175911563037
6.893899323969179	1.5101073584699023	2.740483308147131
-0.9071408635455512	-1.3858062168370242	-4.530484883258343
-4.605876094195101	5.338385399629599	-2.55142075636909
-4.457918923027624	4.639445572823348	-2.5882396790726028
-4.074029819131111	4.34508026808435	-2.0266195134662506
-4.097359410458379	4.365689197084587	-2.0708971471508555
-4.790351314354349	5.258931435272497	-2.8045471198812306
6.622826235273002	1.4198729750187362	3.23114024489567
6.909153970748566	1.5214693890120017	2.9020891960956283
-4.665050710787896	5.4450838726590165	-2.6490355326972823
-4.5052353088212245	5.22192447579385	-2.500230552557653
-4.9550131725849615	1.827440007023207	-4.351751477236141
6.654839829862564	1.2949233150258541	1.6933979302059436
-0.7614066775749877	-0.7379358574807079	-4.891669024172449
-1.62879954262671	-7.815490238259479	-0.028864363183857114
-1.7242249390468043	-7.504537371099114	-0.17888986467099655
6.7815055918059945	1.4544584845618658	2.6171402522507394
-4.4648506632713865	5.258817162896728	-2.5208738900471586
2.1764971519288676	-6.649064254772204	3.4761833723927547
6.584283154320383	1.2561473103730922	1.7394861523571694
2.1061050995103034	-6.64735470519206	3.455640748420167
6.808377939161448	1.485227611895652	2.6885214113399387
-4.627474843948977	5.00356626656903	-2.74430204076765
-4.328505711579813	2.2031179090827657	-4.514445170910703
-4.280542046210476	4.661747081858637	-2.337598559341793
-4.652535497786965	5.92208136194344	-2.5196217793402473
6.491742548508962	1.1895397898518392	1.631273176322605
6.605008077844917	1.2719921305478297	1.8218365125417255
6.736342447652324	1.413088803972164	2.3248413391416247
-4.436026025032098	4.773739782832428	-2.51632475184951
-1.481266952721446	-7.860282445265933	-0.014684591007177108
-4.489463548042316	5.107585970605862	-2.4097975710229043
-4.0333675067051	4.2019935535861315	-1.899731230929513
-4.511032277530401	4.8380863776875636	-2.5063501431873227
-7.310074838180722	-1.5520370764558433	-1.9533184131425223
-7.325022880920147	-1.5869374789504114	-1.9381760578276523
-4.520693685790107	4.942778983019207	-2.636181069389075
6.898264236264704	1.52600175075986	2.929631269521046
-1.5925773723530152	-7.8205995082396695	-0.029854013313889653
-4.2404198825335095	4.514298421675169	-2.2905749277820853
6.643717995596902	1.3684268686680872	2.433213830664543
1.910725367634918	-6.642405846911858	3.3955581442803027
1.9975911226846241	-6.647015096464486	3.422699468868734
6.606981769285731	1.2813081412710055	1.7468684802972614
6.598020020433029	1.250048779734175	1.8103096303279325
-4.0981179523467315	5.7145188191790455	-1.248057557785672
-4.092885688698497	4.390247718092866	-2.147496609807108
2.1624826139563527	-6.658688374938719	3.475052384214563
-4.807102099979673	1.9591906555604668	-4.361965389216913
-1.548352130434324	-7.850702315549925	-0.022377626912061275
-4.883159200077844	1.849188445568055	-4.374599013457124
-4.720185101073118	5.264655874695134	-2.8060289856075387
-4.482879512644335	4.80227735576131	-2.5805511779944093
6.5053971683964855	1.2496135114983888	2.227555927867363
-0.9251205558263774	-0.7389536953671214	-4.8667776001224565
6.512463265731547	1.1883018106136074	1.7215879324252328
6.70689184156557	1.385011410323068	2.259169426323344
6.673855347086908	1.4590698813100356	3.419581055923795
-4.782156815779403	1.9767447823455702	-4.364905669829904
6.680641318881131	1.4087357880615334	2.7847250978502007
-3.5022557085737738	4.928891812428917	-1.063733150513844
-3.4949710088926103	3.0886034518332575	0.9182434892641077
6.7333428274804055	1.3978790859574777	2.1602518251867
-4.3964991993037215	4.999157231513395	-2.7281832163292576
-4.838929030098348	6.043233993843344	-2.579832265475263
-4.936763754543993	1.9672574850803748	-4.316748551361144
-4.708223859329236	2.428293534080032	-4.226742553374027
-7.30976522427087	-1.4502542472499007	-2.1816812121481517
-4.213888177365025	4.5246095634995465	-2.2368610851443993
6.72953032834361	1.5218474637651038	2.784785900450255
